INSERT INTO 3dawdb.alunos(Matricula, Nome, CPF, DataNascimento ) VALUES ('A0001','Carla Ramos  Santana','62204594741','2000-03-13');
INSERT INTO 3dawdb.alunos(Matricula, Nome, CPF, DataNascimento ) VALUES ('A0002','Allana Sagioro  Cabral','34350079408','1993-10-14');
INSERT INTO 3dawdb.alunos(Matricula, Nome, CPF, DataNascimento ) VALUES ('A0003','Milena Gusmão  Molina','26475710407','2005-12-09');
INSERT INTO 3dawdb.alunos(Matricula, Nome, CPF, DataNascimento ) VALUES ('A0004','Wando Santana  Castro','24397471657','2000-01-28');
INSERT INTO 3dawdb.alunos(Matricula, Nome, CPF, DataNascimento ) VALUES ('A0005','Nicole Coimbra  Tavares','88422919516','1995-12-09');
INSERT INTO 3dawdb.alunos(Matricula, Nome, CPF, DataNascimento ) VALUES ('A0006','Vivian Pessoa  Machado','60196590973','2015-04-08');
INSERT INTO 3dawdb.alunos(Matricula, Nome, CPF, DataNascimento ) VALUES ('A0007','Pâmela Caitano  Conceição','70952954419','1990-03-08');
INSERT INTO 3dawdb.alunos(Matricula, Nome, CPF, DataNascimento ) VALUES ('A0008','Vicente Fontana  Marzola','60712158707','2011-12-20');
INSERT INTO 3dawdb.alunos(Matricula, Nome, CPF, DataNascimento ) VALUES ('A0009','Ian Sanchez  Bulhões','24757140690','1993-08-07');
INSERT INTO 3dawdb.alunos(Matricula, Nome, CPF, DataNascimento ) VALUES ('A0010','Silvan Rosa  Ramalho','41448116970','1980-03-23');
INSERT INTO 3dawdb.alunos(Matricula, Nome, CPF, DataNascimento ) VALUES ('A0011','Kátia Cunha  Ramos','33666800084','2008-10-01');
INSERT INTO 3dawdb.alunos(Matricula, Nome, CPF, DataNascimento ) VALUES ('A0012','Rayane Biasotto  Camargo','76779000540','2018-01-27');
INSERT INTO 3dawdb.alunos(Matricula, Nome, CPF, DataNascimento ) VALUES ('A0013','Fabíola Pinto  Bandeira','99691895064','2009-11-07');
INSERT INTO 3dawdb.alunos(Matricula, Nome, CPF, DataNascimento ) VALUES ('A0014','Aldo Souza  Guerra','93034688563','2011-10-02');
INSERT INTO 3dawdb.alunos(Matricula, Nome, CPF, DataNascimento ) VALUES ('A0015','Conrado Sá  Sater','82752854889','2004-03-16');
INSERT INTO 3dawdb.alunos(Matricula, Nome, CPF, DataNascimento ) VALUES ('A0016','Malcom Medeiros  Ferraz','34103379898','2002-05-28');
INSERT INTO 3dawdb.alunos(Matricula, Nome, CPF, DataNascimento ) VALUES ('A0017','Alzimar Aro  Cunha','35719847065','1973-03-08');
INSERT INTO 3dawdb.alunos(Matricula, Nome, CPF, DataNascimento ) VALUES ('A0018','Darci Nunes  Silveira','52835538178','2016-08-19');
INSERT INTO 3dawdb.alunos(Matricula, Nome, CPF, DataNascimento ) VALUES ('A0019','Jeferson Ellero  Generoso','97668557652','2019-02-15');
INSERT INTO 3dawdb.alunos(Matricula, Nome, CPF, DataNascimento ) VALUES ('A0020','Victor Xavier  Rigotti','43674362848','1974-12-19');
INSERT INTO 3dawdb.alunos(Matricula, Nome, CPF, DataNascimento ) VALUES ('A0021','Jorge Cervini  Lopes','74449018133','2014-09-01');
INSERT INTO 3dawdb.alunos(Matricula, Nome, CPF, DataNascimento ) VALUES ('A0022','Valdecir Generoso  Rossi','63655399243','1995-08-03');
INSERT INTO 3dawdb.alunos(Matricula, Nome, CPF, DataNascimento ) VALUES ('A0023','Cidclei Araki  Gusmão','19777054130','1981-04-25');
INSERT INTO 3dawdb.alunos(Matricula, Nome, CPF, DataNascimento ) VALUES ('A0024','Marlon Junior  Boaventura','00383424569','2016-03-11');
INSERT INTO 3dawdb.alunos(Matricula, Nome, CPF, DataNascimento ) VALUES ('A0025','Cândido Bertolino  Santos','35732589643','2008-06-07');
INSERT INTO 3dawdb.alunos(Matricula, Nome, CPF, DataNascimento ) VALUES ('A0026','Ligia Bonald  Salvador','26620207090','1978-08-20');
INSERT INTO 3dawdb.alunos(Matricula, Nome, CPF, DataNascimento ) VALUES ('A0027','Thais Roemeer  Bispo','62031586076','1978-04-08');
INSERT INTO 3dawdb.alunos(Matricula, Nome, CPF, DataNascimento ) VALUES ('A0028','Caetano Cavalcanti  Antunes','36337844548','1999-08-12');
INSERT INTO 3dawdb.alunos(Matricula, Nome, CPF, DataNascimento ) VALUES ('A0029','Jefferson Celestino  Segura','12768211745','1978-07-04');
INSERT INTO 3dawdb.alunos(Matricula, Nome, CPF, DataNascimento ) VALUES ('A0030','Patrícia Junior  Santana','46579400072','2008-05-08');
INSERT INTO 3dawdb.alunos(Matricula, Nome, CPF, DataNascimento ) VALUES ('A0031','Damião Teixeira  Assumpção','55056751820','1985-02-01');
INSERT INTO 3dawdb.alunos(Matricula, Nome, CPF, DataNascimento ) VALUES ('A0032','Priscila Lima  Prata','55256882716','2020-05-01');
INSERT INTO 3dawdb.alunos(Matricula, Nome, CPF, DataNascimento ) VALUES ('A0033','Socorro Roemeer  Aranha','99242228494','1980-05-23');
INSERT INTO 3dawdb.alunos(Matricula, Nome, CPF, DataNascimento ) VALUES ('A0034','Renê Crespo  Carneiro','10305342258','1976-04-11');
INSERT INTO 3dawdb.alunos(Matricula, Nome, CPF, DataNascimento ) VALUES ('A0035','Samuel Bispo  Melo','79192203434','1971-12-05');
INSERT INTO 3dawdb.alunos(Matricula, Nome, CPF, DataNascimento ) VALUES ('A0036','Clóvis Torres  Almeida','46047360815','2019-04-05');
INSERT INTO 3dawdb.alunos(Matricula, Nome, CPF, DataNascimento ) VALUES ('A0037','Sineide Aquino  Vieira','56835803584','1999-03-25');
INSERT INTO 3dawdb.alunos(Matricula, Nome, CPF, DataNascimento ) VALUES ('A0038','Jeferson Neto  Crespo','71654604895','2005-05-21');
INSERT INTO 3dawdb.alunos(Matricula, Nome, CPF, DataNascimento ) VALUES ('A0039','Rayane Leal  Colombo','92551779316','1999-07-01');
INSERT INTO 3dawdb.alunos(Matricula, Nome, CPF, DataNascimento ) VALUES ('A0040','Dilma Chiaretto  Soares','36749138012','1974-09-19');
INSERT INTO 3dawdb.alunos(Matricula, Nome, CPF, DataNascimento ) VALUES ('A0041','Misael Conceição  Barbosa','71202992986','1979-09-02');
INSERT INTO 3dawdb.alunos(Matricula, Nome, CPF, DataNascimento ) VALUES ('A0042','Daví Aquino  Santiago','90437158403','2003-06-13');
INSERT INTO 3dawdb.alunos(Matricula, Nome, CPF, DataNascimento ) VALUES ('A0043','Aracy Arroyo  Miranda','28408690205','1994-07-14');
INSERT INTO 3dawdb.alunos(Matricula, Nome, CPF, DataNascimento ) VALUES ('A0044','Gisele Lemes  Furtado','83635365637','2015-08-19');
INSERT INTO 3dawdb.alunos(Matricula, Nome, CPF, DataNascimento ) VALUES ('A0045','Ilma Melo  Sagioro','30802631118','1992-01-18');
INSERT INTO 3dawdb.alunos(Matricula, Nome, CPF, DataNascimento ) VALUES ('A0046','Aloisio Aranha  Sater','28525769703','2018-02-02');
INSERT INTO 3dawdb.alunos(Matricula, Nome, CPF, DataNascimento ) VALUES ('A0047','Júlia Camilo  Soares','59036842204','2000-02-18');
INSERT INTO 3dawdb.alunos(Matricula, Nome, CPF, DataNascimento ) VALUES ('A0048','Alex Reis  Rangel','14000520172','2009-10-10');
INSERT INTO 3dawdb.alunos(Matricula, Nome, CPF, DataNascimento ) VALUES ('A0049','Bruno Segura  Boch','68237764048','1999-02-02');
INSERT INTO 3dawdb.alunos(Matricula, Nome, CPF, DataNascimento ) VALUES ('A0050','Sofia Almeida  Paixão','12363411986','1980-09-28');
INSERT INTO 3dawdb.alunos(Matricula, Nome, CPF, DataNascimento ) VALUES ('A0051','Otávio Silveira  Boch','95074145767','2004-02-05');
INSERT INTO 3dawdb.alunos(Matricula, Nome, CPF, DataNascimento ) VALUES ('A0052','Adivane Celestino  Bastos','19351692540','2002-05-16');
INSERT INTO 3dawdb.alunos(Matricula, Nome, CPF, DataNascimento ) VALUES ('A0053','Anselmo Valle  Brito','49465020257','1977-01-03');
INSERT INTO 3dawdb.alunos(Matricula, Nome, CPF, DataNascimento ) VALUES ('A0054','Henry Fontoura  Muniz','73107435716','1978-01-04');
INSERT INTO 3dawdb.alunos(Matricula, Nome, CPF, DataNascimento ) VALUES ('A0055','David Paixão  Araújo','48968630380','1974-09-04');
INSERT INTO 3dawdb.alunos(Matricula, Nome, CPF, DataNascimento ) VALUES ('A0056','Esther Cruz  Fontana','96046419727','1993-04-12');
INSERT INTO 3dawdb.alunos(Matricula, Nome, CPF, DataNascimento ) VALUES ('A0057','Laura Rocha  Sanchez','35798408868','1975-04-02');
INSERT INTO 3dawdb.alunos(Matricula, Nome, CPF, DataNascimento ) VALUES ('A0058','Elídio Pitanga  Camilo','73001931701','2017-11-17');
INSERT INTO 3dawdb.alunos(Matricula, Nome, CPF, DataNascimento ) VALUES ('A0059','Letícia Lira  Rodrigues','46105304811','2012-04-06');
INSERT INTO 3dawdb.alunos(Matricula, Nome, CPF, DataNascimento ) VALUES ('A0060','Beth Evangelista  Teixeira','49102497530','2004-07-07');
INSERT INTO 3dawdb.alunos(Matricula, Nome, CPF, DataNascimento ) VALUES ('A0061','Juliano Macarini  Valle','32738677797','1994-03-26');
INSERT INTO 3dawdb.alunos(Matricula, Nome, CPF, DataNascimento ) VALUES ('A0062','Leandro Conceição  Andrade','53501682905','2012-03-12');
INSERT INTO 3dawdb.alunos(Matricula, Nome, CPF, DataNascimento ) VALUES ('A0063','Moema Moreira  Antunes','61501227785','1973-05-15');
INSERT INTO 3dawdb.alunos(Matricula, Nome, CPF, DataNascimento ) VALUES ('A0064','Thaynara Paixão  Severo','79614686502','1983-05-19');
INSERT INTO 3dawdb.alunos(Matricula, Nome, CPF, DataNascimento ) VALUES ('A0065','Denis Rodrigues  Angelo','64955269117','2010-08-06');
INSERT INTO 3dawdb.alunos(Matricula, Nome, CPF, DataNascimento ) VALUES ('A0066','Cândido Ferreira  Xavier','06141395031','2000-06-25');
INSERT INTO 3dawdb.alunos(Matricula, Nome, CPF, DataNascimento ) VALUES ('A0067','Alírio Murinelli  Caetano','02690944740','2017-06-04');
INSERT INTO 3dawdb.alunos(Matricula, Nome, CPF, DataNascimento ) VALUES ('A0068','Renata Simão  Aranha','81218794267','1992-07-03');
INSERT INTO 3dawdb.alunos(Matricula, Nome, CPF, DataNascimento ) VALUES ('A0069','Ruan Fidelis  Fernandes','07770962854','2009-08-13');
INSERT INTO 3dawdb.alunos(Matricula, Nome, CPF, DataNascimento ) VALUES ('A0070','Giovana Médici  Nascimento','45763039610','2002-04-18');
INSERT INTO 3dawdb.alunos(Matricula, Nome, CPF, DataNascimento ) VALUES ('A0071','Josicleide Ponciano  Lira','85054957219','1998-08-25');
INSERT INTO 3dawdb.alunos(Matricula, Nome, CPF, DataNascimento ) VALUES ('A0072','Clóvis Palhano  Lemes','17103388067','2010-06-01');
INSERT INTO 3dawdb.alunos(Matricula, Nome, CPF, DataNascimento ) VALUES ('A0073','Tarso Vargas  Silveira','06641487199','2001-09-28');
INSERT INTO 3dawdb.alunos(Matricula, Nome, CPF, DataNascimento ) VALUES ('A0074','Adolfo Moreira  Amaral','75399137542','1990-01-28');
INSERT INTO 3dawdb.alunos(Matricula, Nome, CPF, DataNascimento ) VALUES ('A0075','Josué Correa  Colombo','64599332860','1988-06-10');
INSERT INTO 3dawdb.alunos(Matricula, Nome, CPF, DataNascimento ) VALUES ('A0076','Florisvaldo Coimbra  Messias','44169342380','1973-10-28');
INSERT INTO 3dawdb.alunos(Matricula, Nome, CPF, DataNascimento ) VALUES ('A0077','Sérgio Lemes  Pimentel','54112162812','1975-08-12');
INSERT INTO 3dawdb.alunos(Matricula, Nome, CPF, DataNascimento ) VALUES ('A0078','Mirtes Marzola  Matos','88409387379','2002-04-20');
INSERT INTO 3dawdb.alunos(Matricula, Nome, CPF, DataNascimento ) VALUES ('A0079','Fábio Camilo  Oliveira','26326408490','1990-11-23');
INSERT INTO 3dawdb.alunos(Matricula, Nome, CPF, DataNascimento ) VALUES ('A0080','Gilvan Pessoa  Firmino','57932060001','1975-07-09');
INSERT INTO 3dawdb.alunos(Matricula, Nome, CPF, DataNascimento ) VALUES ('A0081','Bárbara Bulhões  Cabral','79380290098','2011-07-11');
INSERT INTO 3dawdb.alunos(Matricula, Nome, CPF, DataNascimento ) VALUES ('A0082','Alessandra Albuquerque  Rossi','42708034103','2018-11-27');
INSERT INTO 3dawdb.alunos(Matricula, Nome, CPF, DataNascimento ) VALUES ('A0083','Caio Sater  Molina','26599495907','1994-06-12');
INSERT INTO 3dawdb.alunos(Matricula, Nome, CPF, DataNascimento ) VALUES ('A0084','Jerusa Guimarães  Tavares','06386609476','1996-09-07');
INSERT INTO 3dawdb.alunos(Matricula, Nome, CPF, DataNascimento ) VALUES ('A0085','Sharon Santana  Fagundes','68354182223','1973-09-19');
INSERT INTO 3dawdb.alunos(Matricula, Nome, CPF, DataNascimento ) VALUES ('A0086','Nélio Crespo  Medeiros','13049670002','2015-12-24');
INSERT INTO 3dawdb.alunos(Matricula, Nome, CPF, DataNascimento ) VALUES ('A0087','Adalmir Xavier  Braz','88502127985','2018-02-05');
INSERT INTO 3dawdb.alunos(Matricula, Nome, CPF, DataNascimento ) VALUES ('A0088','Andreza Rodrigues  Silva','31216759073','1983-04-18');
INSERT INTO 3dawdb.alunos(Matricula, Nome, CPF, DataNascimento ) VALUES ('A0089','Valentina Junior  Camponato','65720585222','2002-12-20');
INSERT INTO 3dawdb.alunos(Matricula, Nome, CPF, DataNascimento ) VALUES ('A0090','Adilson Pessoa  Reis','71003521185','2009-02-22');
INSERT INTO 3dawdb.alunos(Matricula, Nome, CPF, DataNascimento ) VALUES ('A0091','Roger Souza  Camilo','79907128309','2010-09-19');
INSERT INTO 3dawdb.alunos(Matricula, Nome, CPF, DataNascimento ) VALUES ('A0092','Marluce Penha  Andrade','63712381913','2018-02-28');
INSERT INTO 3dawdb.alunos(Matricula, Nome, CPF, DataNascimento ) VALUES ('A0093','Jair Moraes  Aquino','07727988502','1999-04-20');
INSERT INTO 3dawdb.alunos(Matricula, Nome, CPF, DataNascimento ) VALUES ('A0094','Josicleide Ferber  Cervini','98719224265','1982-08-09');
INSERT INTO 3dawdb.alunos(Matricula, Nome, CPF, DataNascimento ) VALUES ('A0095','Guilherme Ribeiro  Sales','03231473306','2012-12-13');
INSERT INTO 3dawdb.alunos(Matricula, Nome, CPF, DataNascimento ) VALUES ('A0096','Letícia Ramalho  Salvador','66569205862','1987-12-23');
INSERT INTO 3dawdb.alunos(Matricula, Nome, CPF, DataNascimento ) VALUES ('A0097','Sócrates Cance  Sarmento','78946134526','2004-12-02');
INSERT INTO 3dawdb.alunos(Matricula, Nome, CPF, DataNascimento ) VALUES ('A0098','Amanda Cota  Filho','30735017620','1971-04-09');
INSERT INTO 3dawdb.alunos(Matricula, Nome, CPF, DataNascimento ) VALUES ('A0099','Edilce Silveira  Mendes','07465565510','2002-04-15');
INSERT INTO 3dawdb.alunos(Matricula, Nome, CPF, DataNascimento ) VALUES ('A0100','Isadora Mantellatto  Sá','12627947060','1987-04-27');
INSERT INTO 3dawdb.disciplinas(Disciplina, Descricao, Periodo, Tipo, Ncreditos,  CH) VALUES ('ACH0021',  'Tratamento e Análise de Dados / Informações' , '1', 'Obrigatório', '2', '30');
INSERT INTO 3dawdb.disciplinas(Disciplina, Descricao, Periodo, Tipo, Ncreditos,  CH) VALUES ('ACH0041',  'Resolução de Problemas I' , '1', 'Obrigatório', '4', '60');
INSERT INTO 3dawdb.disciplinas(Disciplina, Descricao, Periodo, Tipo, Ncreditos,  CH) VALUES ('ACH0042',  'Resolução de Problemas II' , '6', 'Obrigatório', '4', '60');
INSERT INTO 3dawdb.disciplinas(Disciplina, Descricao, Periodo, Tipo, Ncreditos,  CH) VALUES ('ACH0101',  'Ciências da Natureza – Ciências da Terra' , '7', 'Eletiva', '2', '30');
INSERT INTO 3dawdb.disciplinas(Disciplina, Descricao, Periodo, Tipo, Ncreditos,  CH) VALUES ('ACH0102',  'Psicologia, Educação e Temas Contemporâneos' , '6', 'Eletiva', '2', '30');
INSERT INTO 3dawdb.disciplinas(Disciplina, Descricao, Periodo, Tipo, Ncreditos,  CH) VALUES ('ACH0111',  'Ciências da Natureza - Ciências da Vida' , '7', 'Eletiva', '2', '30');
INSERT INTO 3dawdb.disciplinas(Disciplina, Descricao, Periodo, Tipo, Ncreditos,  CH) VALUES ('ACH0112',  'Psicologia, Educação e Temas Contemporâneos - Uma Visão Psicanalítica' , '6', 'Eletiva', '2', '30');
INSERT INTO 3dawdb.disciplinas(Disciplina, Descricao, Periodo, Tipo, Ncreditos,  CH) VALUES ('ACH0121',  'Ciências da Natureza - Ciências do Universo' , '7', 'Eletiva', '2', '30');
INSERT INTO 3dawdb.disciplinas(Disciplina, Descricao, Periodo, Tipo, Ncreditos,  CH) VALUES ('ACH0122',  'Psicologia, Educação e Temas Contemporâneos – Processos Sociais de Formação dos Indivíduos' , '6', 'Eletiva', '2', '30');
INSERT INTO 3dawdb.disciplinas(Disciplina, Descricao, Periodo, Tipo, Ncreditos,  CH) VALUES ('ACH0131',  'Ciências da Natureza - Ciência, Cultura e Sociedade' , '7', 'Eletiva', '2', '30');
INSERT INTO 3dawdb.disciplinas(Disciplina, Descricao, Periodo, Tipo, Ncreditos,  CH) VALUES ('ACH0132',  'Psicologia, Educação e Temas Contemporâneos - Uma Abordagem Crítica' , '6', 'Eletiva', '2', '30');
INSERT INTO 3dawdb.disciplinas(Disciplina, Descricao, Periodo, Tipo, Ncreditos,  CH) VALUES ('ACH0141',  'Sociedade, Multiculturalismo e Direitos – Estado e Sociedade' , '1', 'Eletiva', '2', '30');
INSERT INTO 3dawdb.disciplinas(Disciplina, Descricao, Periodo, Tipo, Ncreditos,  CH) VALUES ('ACH0142',  'Sociedade, Meio Ambiente e Cidadania – Desenvolvimento e Meio Ambiente' , '8', 'Eletiva', '2', '30');
INSERT INTO 3dawdb.disciplinas(Disciplina, Descricao, Periodo, Tipo, Ncreditos,  CH) VALUES ('ACH0151',  'Sociedade, Multiculturalismo e Direitos - Cultura Digital' , '1', 'Eletiva', '2', '30');
INSERT INTO 3dawdb.disciplinas(Disciplina, Descricao, Periodo, Tipo, Ncreditos,  CH) VALUES ('ACH0152',  'Sociedade, Meio Ambiente e Cidadania - Sociedade, Ambiente e Cidadania' , '8', 'Eletiva', '2', '30');
INSERT INTO 3dawdb.disciplinas(Disciplina, Descricao, Periodo, Tipo, Ncreditos,  CH) VALUES ('ACH0161',  'Sociedade, Multiculturalismo e Direitos – Direitos Humanos e Multiculturalismo' , '1', 'Eletiva', '2', '30');
INSERT INTO 3dawdb.disciplinas(Disciplina, Descricao, Periodo, Tipo, Ncreditos,  CH) VALUES ('ACH0162',  'Arte, Literatura e Cultura' , '6', 'Eletiva', '2', '30');
INSERT INTO 3dawdb.disciplinas(Disciplina, Descricao, Periodo, Tipo, Ncreditos,  CH) VALUES ('ACH0172',  'Arte, Literatura e Cultura - Arte Contemporânea' , '6', 'Eletiva', '2', '30');
INSERT INTO 3dawdb.disciplinas(Disciplina, Descricao, Periodo, Tipo, Ncreditos,  CH) VALUES ('ACH0182',  'Arte, Literatura e Cultura – Fantasia e Ficção Científica na Cultura Pop' , '6', 'Eletiva', '2', '30');
INSERT INTO 3dawdb.disciplinas(Disciplina, Descricao, Periodo, Tipo, Ncreditos,  CH) VALUES ('ACH0192',  'Arte, Literatura e Cultura - Literatura Contemporânea' , '6', 'Eletiva', '2', '30');
INSERT INTO 3dawdb.disciplinas(Disciplina, Descricao, Periodo, Tipo, Ncreditos,  CH) VALUES ('ACH2001 ',  'Introdução à Programação' , '1', 'Obrigatório', '4', '120');
INSERT INTO 3dawdb.disciplinas(Disciplina, Descricao, Periodo, Tipo, Ncreditos,  CH) VALUES ('ACH2002',  'Introdução à Análise de Algoritmos' , '2', 'Obrigatório', '4', '120');
INSERT INTO 3dawdb.disciplinas(Disciplina, Descricao, Periodo, Tipo, Ncreditos,  CH) VALUES ('ACH2003',  'Computação Orientada a Objetos' , '3', 'Obrigatório', '4', '60');
INSERT INTO 3dawdb.disciplinas(Disciplina, Descricao, Periodo, Tipo, Ncreditos,  CH) VALUES ('ACH2004',  'Bancos de Dados 1' , '4', 'Obrigatório', '4', '120');
INSERT INTO 3dawdb.disciplinas(Disciplina, Descricao, Periodo, Tipo, Ncreditos,  CH) VALUES ('ACH2005',  'Análise, Projeto e Interface Humano-Computador' , '5', 'Obrigatório', '4', '120');
INSERT INTO 3dawdb.disciplinas(Disciplina, Descricao, Periodo, Tipo, Ncreditos,  CH) VALUES ('ACH2006',  'Engenharia de Sistemas de Informação I' , '6', 'Obrigatório', '4', '60');
INSERT INTO 3dawdb.disciplinas(Disciplina, Descricao, Periodo, Tipo, Ncreditos,  CH) VALUES ('ACH2007',  'Engenharia de Sistemas de Informação II' , '7', 'Eletiva', '4', '120');
INSERT INTO 3dawdb.disciplinas(Disciplina, Descricao, Periodo, Tipo, Ncreditos,  CH) VALUES ('ACH2008',  'Empreendedorismo em Informática' , '8', 'Obrigatório', '4', '60');
INSERT INTO 3dawdb.disciplinas(Disciplina, Descricao, Periodo, Tipo, Ncreditos,  CH) VALUES ('ACH2011',  'Cálculo I' , '1', 'Obrigatório', '4', '60');
INSERT INTO 3dawdb.disciplinas(Disciplina, Descricao, Periodo, Tipo, Ncreditos,  CH) VALUES ('ACH2012',  'Cálculo II' , '2', 'Obrigatório', '4', '60');
INSERT INTO 3dawdb.disciplinas(Disciplina, Descricao, Periodo, Tipo, Ncreditos,  CH) VALUES ('ACH2013',  'Matemática Discreta I' , '2', 'Obrigatório', '4', '60');
INSERT INTO 3dawdb.disciplinas(Disciplina, Descricao, Periodo, Tipo, Ncreditos,  CH) VALUES ('ACH2014',  'Fundamentos de Sistemas de Informação' , '1', 'Obrigatório', '4', '120');
INSERT INTO 3dawdb.disciplinas(Disciplina, Descricao, Periodo, Tipo, Ncreditos,  CH) VALUES ('ACH2015',  'Contabilidade para Computação' , '7', 'Eletiva', '4', '60');
INSERT INTO 3dawdb.disciplinas(Disciplina, Descricao, Periodo, Tipo, Ncreditos,  CH) VALUES ('ACH2016',  'Inteligência Artificial' , '5', 'Obrigatório', '4', '120');
INSERT INTO 3dawdb.disciplinas(Disciplina, Descricao, Periodo, Tipo, Ncreditos,  CH) VALUES ('ACH2017',  'Projeto Supervisionado ou de Graduação I' , '7', 'Obrigatório', '8', '240');
INSERT INTO 3dawdb.disciplinas(Disciplina, Descricao, Periodo, Tipo, Ncreditos,  CH) VALUES ('ACH2018',  'Projeto Supervisionado ou de Graduação II' , '8', 'Obrigatório', '8', '240');
INSERT INTO 3dawdb.disciplinas(Disciplina, Descricao, Periodo, Tipo, Ncreditos,  CH) VALUES ('ACH2023',  'Algoritmos e Estruturas de Dados I' , '2', 'Obrigatório', '4', '120');
INSERT INTO 3dawdb.disciplinas(Disciplina, Descricao, Periodo, Tipo, Ncreditos,  CH) VALUES ('ACH2024',  'Algoritmos e Estruturas de Dados II' , '3', 'Obrigatório', '4', '120');
INSERT INTO 3dawdb.disciplinas(Disciplina, Descricao, Periodo, Tipo, Ncreditos,  CH) VALUES ('ACH2025',  'Bancos de Dados 2' , '5', 'Obrigatório', '4', '120');
INSERT INTO 3dawdb.disciplinas(Disciplina, Descricao, Periodo, Tipo, Ncreditos,  CH) VALUES ('ACH2026',  'Redes de Computadores' , '4', 'Obrigatório', '4', '120');
INSERT INTO 3dawdb.disciplinas(Disciplina, Descricao, Periodo, Tipo, Ncreditos,  CH) VALUES ('ACH2027',  'Gestão de Projetos de Tecnologia da Informação' , '6', 'Obrigatório', '4', '60');
INSERT INTO 3dawdb.disciplinas(Disciplina, Descricao, Periodo, Tipo, Ncreditos,  CH) VALUES ('ACH2028',  'Qualidade de Software' , '8', 'Eletiva', '4', '60');
INSERT INTO 3dawdb.disciplinas(Disciplina, Descricao, Periodo, Tipo, Ncreditos,  CH) VALUES ('ACH2033',  'Matrizes, Vetores e Geometria Analítica' , '2', 'Obrigatório', '4', '60');
INSERT INTO 3dawdb.disciplinas(Disciplina, Descricao, Periodo, Tipo, Ncreditos,  CH) VALUES ('ACH2034',  'Organização e Arquitetura de Computadores I' , '3', 'Obrigatório', '4', '60');
INSERT INTO 3dawdb.disciplinas(Disciplina, Descricao, Periodo, Tipo, Ncreditos,  CH) VALUES ('ACH2036',  'Métodos Quantitativos Aplicados à Administração de Empresas I' , '4', 'Obrigatório', '4', '60');
INSERT INTO 3dawdb.disciplinas(Disciplina, Descricao, Periodo, Tipo, Ncreditos,  CH) VALUES ('ACH2037',  'Métodos Quantitativos Aplicados à Sistemas de Informação' , '8', 'Eletiva', '4', '60');
INSERT INTO 3dawdb.disciplinas(Disciplina, Descricao, Periodo, Tipo, Ncreditos,  CH) VALUES ('ACH2038',  'Laboratório de Redes de Computadores' , '8', 'Eletiva', '4', '120');
INSERT INTO 3dawdb.disciplinas(Disciplina, Descricao, Periodo, Tipo, Ncreditos,  CH) VALUES ('ACH2043',  'Introdução à Teoria da Computação' , '5', 'Obrigatório', '4', '60');
INSERT INTO 3dawdb.disciplinas(Disciplina, Descricao, Periodo, Tipo, Ncreditos,  CH) VALUES ('ACH2044',  'Sistemas Operacionais' , '4', 'Obrigatório', '4', '120');
INSERT INTO 3dawdb.disciplinas(Disciplina, Descricao, Periodo, Tipo, Ncreditos,  CH) VALUES ('ACH2048',  'Redes de Alto Desempenho' , '8', 'Eletiva', '4', '90');
INSERT INTO 3dawdb.disciplinas(Disciplina, Descricao, Periodo, Tipo, Ncreditos,  CH) VALUES ('ACH2053',  'Introdução à Estatística' , '3', 'Obrigatório', '4', '60');
INSERT INTO 3dawdb.disciplinas(Disciplina, Descricao, Periodo, Tipo, Ncreditos,  CH) VALUES ('ACH2055',  'Organização e Arquitetura de Computadores II' , '4', 'Obrigatório', '4', '60');
INSERT INTO 3dawdb.disciplinas(Disciplina, Descricao, Periodo, Tipo, Ncreditos,  CH) VALUES ('ACH2063',  'Introdução à Administração e Economia para Computação' , '3', 'Obrigatório', '4', '60');
INSERT INTO 3dawdb.disciplinas(Disciplina, Descricao, Periodo, Tipo, Ncreditos,  CH) VALUES ('ACH2066',  'Tópicos Especiais em Bancos de Dados' , '7', 'Eletiva', '4', '120');
INSERT INTO 3dawdb.disciplinas(Disciplina, Descricao, Periodo, Tipo, Ncreditos,  CH) VALUES ('ACH2067',  'Gestão de Processos de Negócio' , '7', 'Eletiva', '4', '60');
INSERT INTO 3dawdb.disciplinas(Disciplina, Descricao, Periodo, Tipo, Ncreditos,  CH) VALUES ('ACH2068',  'Avaliação de Desempenho de Sistemas Computacionais' , '8', 'Eletiva', '4', '60');
INSERT INTO 3dawdb.disciplinas(Disciplina, Descricao, Periodo, Tipo, Ncreditos,  CH) VALUES ('ACH2076',  'Segurança da Informação' , '7', 'Eletiva', '4', '60');
INSERT INTO 3dawdb.disciplinas(Disciplina, Descricao, Periodo, Tipo, Ncreditos,  CH) VALUES ('ACH2077',  'Soluções Web Baseadas em Software Livre' , '7', 'Eletiva', '4', '120');
INSERT INTO 3dawdb.disciplinas(Disciplina, Descricao, Periodo, Tipo, Ncreditos,  CH) VALUES ('ACH2078',  'Gestão Empresarial' , '8', 'Eletiva', '4', '60');
INSERT INTO 3dawdb.disciplinas(Disciplina, Descricao, Periodo, Tipo, Ncreditos,  CH) VALUES ('ACH2086',  'Fundamentos de Sistemas Hipermídia e Web' , '8', 'Eletiva', '4', '120');
INSERT INTO 3dawdb.disciplinas(Disciplina, Descricao, Periodo, Tipo, Ncreditos,  CH) VALUES ('ACH2087',  'Construção de Compiladores' , '7', 'Eletiva', '4', '120');
INSERT INTO 3dawdb.disciplinas(Disciplina, Descricao, Periodo, Tipo, Ncreditos,  CH) VALUES ('ACH2096',  'Laboratório de Sistemas Operacionais' , '8', 'Eletiva', '4', '60');
INSERT INTO 3dawdb.disciplinas(Disciplina, Descricao, Periodo, Tipo, Ncreditos,  CH) VALUES ('ACH2098',  'Web Semântica' , '8', 'Eletiva', '4', '60');
INSERT INTO 3dawdb.disciplinas(Disciplina, Descricao, Periodo, Tipo, Ncreditos,  CH) VALUES ('ACH2106',  'Projeto Integrado de Sistemas de Informação' , '8', 'Eletiva', '4', '120');
INSERT INTO 3dawdb.disciplinas(Disciplina, Descricao, Periodo, Tipo, Ncreditos,  CH) VALUES ('ACH2107',  'Desafios de Programação I' , '3', 'Eletiva', '4', '60');
INSERT INTO 3dawdb.disciplinas(Disciplina, Descricao, Periodo, Tipo, Ncreditos,  CH) VALUES ('ACH2108',  'Desafios de Programação II' , '8', 'Eletiva', '4', '60');
INSERT INTO 3dawdb.disciplinas(Disciplina, Descricao, Periodo, Tipo, Ncreditos,  CH) VALUES ('ACH2117',  'Computação Gráfica' , '7', 'Eletiva', '4', '60');
INSERT INTO 3dawdb.disciplinas(Disciplina, Descricao, Periodo, Tipo, Ncreditos,  CH) VALUES ('ACH2118',  'Introdução ao Processamento de Língua Natural' , '8', 'Eletiva', '4', '120');
INSERT INTO 3dawdb.disciplinas(Disciplina, Descricao, Periodo, Tipo, Ncreditos,  CH) VALUES ('ACH2127',  'Governança de Tecnologia da Informação' , '7', 'Eletiva', '4', '120');
INSERT INTO 3dawdb.disciplinas(Disciplina, Descricao, Periodo, Tipo, Ncreditos,  CH) VALUES ('ACH2128',  'Introdução às Redes Complexas' , '8', 'Eletiva', '4', '60');
INSERT INTO 3dawdb.disciplinas(Disciplina, Descricao, Periodo, Tipo, Ncreditos,  CH) VALUES ('ACH2137',  'Tópicos em Planejamento em Inteligência Artificial' , '7', 'Eletiva', '4', '60');
INSERT INTO 3dawdb.disciplinas(Disciplina, Descricao, Periodo, Tipo, Ncreditos,  CH) VALUES ('ACH2138',  'Modelagem de Sistemas Complexos' , '8', 'Eletiva', '4', '120');
INSERT INTO 3dawdb.disciplinas(Disciplina, Descricao, Periodo, Tipo, Ncreditos,  CH) VALUES ('ACH2147',  'Desenvolvimento de Sistemas de Informação Distribuídos' , '5', 'Obrigatório', '4', '60');
INSERT INTO 3dawdb.disciplinas(Disciplina, Descricao, Periodo, Tipo, Ncreditos,  CH) VALUES ('ACH2148',  'Laboratório de Otimização Combinatória' , '8', 'Eletiva', '4', '60');
INSERT INTO 3dawdb.disciplinas(Disciplina, Descricao, Periodo, Tipo, Ncreditos,  CH) VALUES ('ACH2157',  'Computação Física e Aplicações' , '7', 'Eletiva', '4', '120');
INSERT INTO 3dawdb.disciplinas(Disciplina, Descricao, Periodo, Tipo, Ncreditos,  CH) VALUES ('ACH2158',  'Simulação de Sistemas Complexos' , '8', 'Eletiva', '4', '120');
INSERT INTO 3dawdb.disciplinas(Disciplina, Descricao, Periodo, Tipo, Ncreditos,  CH) VALUES ('ACH2167',  'Computação Sônica' , '7', 'Eletiva', '4', '60');
INSERT INTO 3dawdb.disciplinas(Disciplina, Descricao, Periodo, Tipo, Ncreditos,  CH) VALUES ('ACH2177',  'Introdução à Ciência de Dados' , '7', 'Eletiva', '4', '120');
INSERT INTO 3dawdb.disciplinas(Disciplina, Descricao, Periodo, Tipo, Ncreditos,  CH) VALUES ('ACH2187',  'Mineração de Dados' , '7', 'Eletiva', '4', '60');
INSERT INTO 3dawdb.disciplinas(Disciplina, Descricao, Periodo, Tipo, Ncreditos,  CH) VALUES ('ACH3778',  'Governo Aberto' , '7', 'Eletiva', '4', '120');
INSERT INTO 3dawdb.disciplinas(Disciplina, Descricao, Periodo, Tipo, Ncreditos,  CH) VALUES ('MAC0216',  'Técnicas de Programação I' , '6', 'Eletiva', '4', '120');
INSERT INTO 3dawdb.disciplinas(Disciplina, Descricao, Periodo, Tipo, Ncreditos,  CH) VALUES ('MAC0471',  'Desenvolvimento para Web' , '7', 'Eletiva', '4', '120');
INSERT INTO 3dawdb.disciplinas(Disciplina, Descricao, Periodo, Tipo, Ncreditos,  CH) VALUES ('MAC0475',  'Laboratório de Sistemas Computacionais Complexos' , '7', 'Eletiva', '4', '120');
INSERT INTO 3dawdb.disciplinas(Disciplina, Descricao, Periodo, Tipo, Ncreditos,  CH) VALUES ('MAC0546',  'Fundamentos da Internet das Coisas' , '7', 'Eletiva', '4', '60');
INSERT INTO `matriculas`(`Matricula`, `Periodo`, `Horas_Cursadas`) VALUES ('A0001', '1', '0'); 
INSERT INTO `matriculas`(`Matricula`, `Periodo`, `Horas_Cursadas`) VALUES ('A0002', '5', '160'); 
INSERT INTO `matriculas`(`Matricula`, `Periodo`, `Horas_Cursadas`) VALUES ('A0003', '1', '0'); 
INSERT INTO `matriculas`(`Matricula`, `Periodo`, `Horas_Cursadas`) VALUES ('A0004', '4', '128'); 
INSERT INTO `matriculas`(`Matricula`, `Periodo`, `Horas_Cursadas`) VALUES ('A0005', '5', '160'); 
INSERT INTO `matriculas`(`Matricula`, `Periodo`, `Horas_Cursadas`) VALUES ('A0006', '2', '64'); 
INSERT INTO `matriculas`(`Matricula`, `Periodo`, `Horas_Cursadas`) VALUES ('A0007', '4', '128'); 
INSERT INTO `matriculas`(`Matricula`, `Periodo`, `Horas_Cursadas`) VALUES ('A0008', '5', '160'); 
INSERT INTO `matriculas`(`Matricula`, `Periodo`, `Horas_Cursadas`) VALUES ('A0009', '2', '64'); 
INSERT INTO `matriculas`(`Matricula`, `Periodo`, `Horas_Cursadas`) VALUES ('A0010', '3', '96'); 
INSERT INTO `matriculas`(`Matricula`, `Periodo`, `Horas_Cursadas`) VALUES ('A0011', '2', '64'); 
INSERT INTO `matriculas`(`Matricula`, `Periodo`, `Horas_Cursadas`) VALUES ('A0012', '3', '96'); 
INSERT INTO `matriculas`(`Matricula`, `Periodo`, `Horas_Cursadas`) VALUES ('A0013', '4', '128'); 
INSERT INTO `matriculas`(`Matricula`, `Periodo`, `Horas_Cursadas`) VALUES ('A0014', '2', '64'); 
INSERT INTO `matriculas`(`Matricula`, `Periodo`, `Horas_Cursadas`) VALUES ('A0015', '4', '128'); 
INSERT INTO `matriculas`(`Matricula`, `Periodo`, `Horas_Cursadas`) VALUES ('A0016', '1', '0'); 
INSERT INTO `matriculas`(`Matricula`, `Periodo`, `Horas_Cursadas`) VALUES ('A0017', '1', '0'); 
INSERT INTO `matriculas`(`Matricula`, `Periodo`, `Horas_Cursadas`) VALUES ('A0018', '2', '64'); 
INSERT INTO `matriculas`(`Matricula`, `Periodo`, `Horas_Cursadas`) VALUES ('A0019', '4', '128'); 
INSERT INTO `matriculas`(`Matricula`, `Periodo`, `Horas_Cursadas`) VALUES ('A0020', '2', '64'); 
INSERT INTO `matriculas`(`Matricula`, `Periodo`, `Horas_Cursadas`) VALUES ('A0021', '3', '96'); 
INSERT INTO `matriculas`(`Matricula`, `Periodo`, `Horas_Cursadas`) VALUES ('A0022', '5', '160'); 
INSERT INTO `matriculas`(`Matricula`, `Periodo`, `Horas_Cursadas`) VALUES ('A0023', '5', '160'); 
INSERT INTO `matriculas`(`Matricula`, `Periodo`, `Horas_Cursadas`) VALUES ('A0024', '4', '128'); 
INSERT INTO `matriculas`(`Matricula`, `Periodo`, `Horas_Cursadas`) VALUES ('A0025', '5', '160'); 
INSERT INTO `matriculas`(`Matricula`, `Periodo`, `Horas_Cursadas`) VALUES ('A0026', '1', '0'); 
INSERT INTO `matriculas`(`Matricula`, `Periodo`, `Horas_Cursadas`) VALUES ('A0027', '3', '96'); 
INSERT INTO `matriculas`(`Matricula`, `Periodo`, `Horas_Cursadas`) VALUES ('A0028', '5', '160'); 
INSERT INTO `matriculas`(`Matricula`, `Periodo`, `Horas_Cursadas`) VALUES ('A0029', '1', '0'); 
INSERT INTO `matriculas`(`Matricula`, `Periodo`, `Horas_Cursadas`) VALUES ('A0030', '4', '128'); 
INSERT INTO `matriculas`(`Matricula`, `Periodo`, `Horas_Cursadas`) VALUES ('A0031', '4', '128'); 
INSERT INTO `matriculas`(`Matricula`, `Periodo`, `Horas_Cursadas`) VALUES ('A0032', '3', '96'); 
INSERT INTO `matriculas`(`Matricula`, `Periodo`, `Horas_Cursadas`) VALUES ('A0033', '2', '64'); 
INSERT INTO `matriculas`(`Matricula`, `Periodo`, `Horas_Cursadas`) VALUES ('A0034', '3', '96'); 
INSERT INTO `matriculas`(`Matricula`, `Periodo`, `Horas_Cursadas`) VALUES ('A0035', '3', '96'); 
INSERT INTO `matriculas`(`Matricula`, `Periodo`, `Horas_Cursadas`) VALUES ('A0036', '4', '128'); 
INSERT INTO `matriculas`(`Matricula`, `Periodo`, `Horas_Cursadas`) VALUES ('A0037', '2', '64'); 
INSERT INTO `matriculas`(`Matricula`, `Periodo`, `Horas_Cursadas`) VALUES ('A0038', '1', '0'); 
INSERT INTO `matriculas`(`Matricula`, `Periodo`, `Horas_Cursadas`) VALUES ('A0039', '2', '64'); 
INSERT INTO `matriculas`(`Matricula`, `Periodo`, `Horas_Cursadas`) VALUES ('A0040', '5', '160'); 
INSERT INTO `matriculas`(`Matricula`, `Periodo`, `Horas_Cursadas`) VALUES ('A0041', '2', '64'); 
INSERT INTO `matriculas`(`Matricula`, `Periodo`, `Horas_Cursadas`) VALUES ('A0042', '5', '160'); 
INSERT INTO `matriculas`(`Matricula`, `Periodo`, `Horas_Cursadas`) VALUES ('A0043', '5', '160'); 
INSERT INTO `matriculas`(`Matricula`, `Periodo`, `Horas_Cursadas`) VALUES ('A0044', '1', '0'); 
INSERT INTO `matriculas`(`Matricula`, `Periodo`, `Horas_Cursadas`) VALUES ('A0045', '5', '160'); 
INSERT INTO `matriculas`(`Matricula`, `Periodo`, `Horas_Cursadas`) VALUES ('A0046', '1', '0'); 
INSERT INTO `matriculas`(`Matricula`, `Periodo`, `Horas_Cursadas`) VALUES ('A0047', '1', '0'); 
INSERT INTO `matriculas`(`Matricula`, `Periodo`, `Horas_Cursadas`) VALUES ('A0048', '2', '64'); 
INSERT INTO `matriculas`(`Matricula`, `Periodo`, `Horas_Cursadas`) VALUES ('A0049', '5', '160'); 
INSERT INTO `matriculas`(`Matricula`, `Periodo`, `Horas_Cursadas`) VALUES ('A0050', '5', '160'); 
INSERT INTO `matriculas`(`Matricula`, `Periodo`, `Horas_Cursadas`) VALUES ('A0051', '1', '0'); 
INSERT INTO `matriculas`(`Matricula`, `Periodo`, `Horas_Cursadas`) VALUES ('A0052', '2', '64'); 
INSERT INTO `matriculas`(`Matricula`, `Periodo`, `Horas_Cursadas`) VALUES ('A0053', '1', '0'); 
INSERT INTO `matriculas`(`Matricula`, `Periodo`, `Horas_Cursadas`) VALUES ('A0054', '4', '128'); 
INSERT INTO `matriculas`(`Matricula`, `Periodo`, `Horas_Cursadas`) VALUES ('A0055', '2', '64'); 
INSERT INTO `matriculas`(`Matricula`, `Periodo`, `Horas_Cursadas`) VALUES ('A0056', '5', '160'); 
INSERT INTO `matriculas`(`Matricula`, `Periodo`, `Horas_Cursadas`) VALUES ('A0057', '3', '96'); 
INSERT INTO `matriculas`(`Matricula`, `Periodo`, `Horas_Cursadas`) VALUES ('A0058', '3', '96'); 
INSERT INTO `matriculas`(`Matricula`, `Periodo`, `Horas_Cursadas`) VALUES ('A0059', '1', '0'); 
INSERT INTO `matriculas`(`Matricula`, `Periodo`, `Horas_Cursadas`) VALUES ('A0060', '2', '64'); 
INSERT INTO `matriculas`(`Matricula`, `Periodo`, `Horas_Cursadas`) VALUES ('A0061', '5', '160'); 
INSERT INTO `matriculas`(`Matricula`, `Periodo`, `Horas_Cursadas`) VALUES ('A0062', '5', '160'); 
INSERT INTO `matriculas`(`Matricula`, `Periodo`, `Horas_Cursadas`) VALUES ('A0063', '4', '128'); 
INSERT INTO `matriculas`(`Matricula`, `Periodo`, `Horas_Cursadas`) VALUES ('A0064', '2', '64'); 
INSERT INTO `matriculas`(`Matricula`, `Periodo`, `Horas_Cursadas`) VALUES ('A0065', '1', '0'); 
INSERT INTO `matriculas`(`Matricula`, `Periodo`, `Horas_Cursadas`) VALUES ('A0066', '2', '64'); 
INSERT INTO `matriculas`(`Matricula`, `Periodo`, `Horas_Cursadas`) VALUES ('A0067', '5', '160'); 
INSERT INTO `matriculas`(`Matricula`, `Periodo`, `Horas_Cursadas`) VALUES ('A0068', '2', '64'); 
INSERT INTO `matriculas`(`Matricula`, `Periodo`, `Horas_Cursadas`) VALUES ('A0069', '3', '96'); 
INSERT INTO `matriculas`(`Matricula`, `Periodo`, `Horas_Cursadas`) VALUES ('A0070', '2', '64'); 
INSERT INTO `matriculas`(`Matricula`, `Periodo`, `Horas_Cursadas`) VALUES ('A0071', '3', '96'); 
INSERT INTO `matriculas`(`Matricula`, `Periodo`, `Horas_Cursadas`) VALUES ('A0072', '5', '160'); 
INSERT INTO `matriculas`(`Matricula`, `Periodo`, `Horas_Cursadas`) VALUES ('A0073', '3', '96'); 
INSERT INTO `matriculas`(`Matricula`, `Periodo`, `Horas_Cursadas`) VALUES ('A0074', '2', '64'); 
INSERT INTO `matriculas`(`Matricula`, `Periodo`, `Horas_Cursadas`) VALUES ('A0075', '2', '64'); 
INSERT INTO `matriculas`(`Matricula`, `Periodo`, `Horas_Cursadas`) VALUES ('A0076', '5', '160'); 
INSERT INTO `matriculas`(`Matricula`, `Periodo`, `Horas_Cursadas`) VALUES ('A0077', '1', '0'); 
INSERT INTO `matriculas`(`Matricula`, `Periodo`, `Horas_Cursadas`) VALUES ('A0078', '2', '64'); 
INSERT INTO `matriculas`(`Matricula`, `Periodo`, `Horas_Cursadas`) VALUES ('A0079', '2', '64'); 
INSERT INTO `matriculas`(`Matricula`, `Periodo`, `Horas_Cursadas`) VALUES ('A0080', '5', '160'); 
INSERT INTO `matriculas`(`Matricula`, `Periodo`, `Horas_Cursadas`) VALUES ('A0081', '2', '64'); 
INSERT INTO `matriculas`(`Matricula`, `Periodo`, `Horas_Cursadas`) VALUES ('A0082', '3', '96'); 
INSERT INTO `matriculas`(`Matricula`, `Periodo`, `Horas_Cursadas`) VALUES ('A0083', '2', '64'); 
INSERT INTO `matriculas`(`Matricula`, `Periodo`, `Horas_Cursadas`) VALUES ('A0084', '3', '96'); 
INSERT INTO `matriculas`(`Matricula`, `Periodo`, `Horas_Cursadas`) VALUES ('A0085', '1', '0'); 
INSERT INTO `matriculas`(`Matricula`, `Periodo`, `Horas_Cursadas`) VALUES ('A0086', '1', '0'); 
INSERT INTO `matriculas`(`Matricula`, `Periodo`, `Horas_Cursadas`) VALUES ('A0087', '5', '160'); 
INSERT INTO `matriculas`(`Matricula`, `Periodo`, `Horas_Cursadas`) VALUES ('A0088', '2', '64'); 
INSERT INTO `matriculas`(`Matricula`, `Periodo`, `Horas_Cursadas`) VALUES ('A0089', '5', '160'); 
INSERT INTO `matriculas`(`Matricula`, `Periodo`, `Horas_Cursadas`) VALUES ('A0090', '1', '0'); 
INSERT INTO `matriculas`(`Matricula`, `Periodo`, `Horas_Cursadas`) VALUES ('A0091', '5', '160'); 
INSERT INTO `matriculas`(`Matricula`, `Periodo`, `Horas_Cursadas`) VALUES ('A0092', '2', '64'); 
INSERT INTO `matriculas`(`Matricula`, `Periodo`, `Horas_Cursadas`) VALUES ('A0093', '2', '64'); 
INSERT INTO `matriculas`(`Matricula`, `Periodo`, `Horas_Cursadas`) VALUES ('A0094', '2', '64'); 
INSERT INTO `matriculas`(`Matricula`, `Periodo`, `Horas_Cursadas`) VALUES ('A0095', '2', '64'); 
INSERT INTO `matriculas`(`Matricula`, `Periodo`, `Horas_Cursadas`) VALUES ('A0096', '5', '160'); 
INSERT INTO `matriculas`(`Matricula`, `Periodo`, `Horas_Cursadas`) VALUES ('A0097', '3', '96'); 
INSERT INTO `matriculas`(`Matricula`, `Periodo`, `Horas_Cursadas`) VALUES ('A0098', '3', '96'); 
INSERT INTO `matriculas`(`Matricula`, `Periodo`, `Horas_Cursadas`) VALUES ('A0099', '4', '128'); 
INSERT INTO `matriculas`(`Matricula`, `Periodo`, `Horas_Cursadas`) VALUES ('A0100', '4', '128'); 
INSERT INTO 3dawdb.disciplinas_requisitos(Disciplina, Pre_requisito) VALUES ( 'ACH0021', NULL);
INSERT INTO 3dawdb.disciplinas_requisitos(Disciplina, Pre_requisito) VALUES ( 'ACH0041', NULL);
INSERT INTO 3dawdb.disciplinas_requisitos(Disciplina, Pre_requisito) VALUES ( 'ACH0042', 'ACH2003');
INSERT INTO 3dawdb.disciplinas_requisitos(Disciplina, Pre_requisito) VALUES ( 'ACH0101', NULL);
INSERT INTO 3dawdb.disciplinas_requisitos(Disciplina, Pre_requisito) VALUES ( 'ACH0102', NULL);
INSERT INTO 3dawdb.disciplinas_requisitos(Disciplina, Pre_requisito) VALUES ( 'ACH0111', NULL);
INSERT INTO 3dawdb.disciplinas_requisitos(Disciplina, Pre_requisito) VALUES ( 'ACH0112', NULL);
INSERT INTO 3dawdb.disciplinas_requisitos(Disciplina, Pre_requisito) VALUES ( 'ACH0121', NULL);
INSERT INTO 3dawdb.disciplinas_requisitos(Disciplina, Pre_requisito) VALUES ( 'ACH0122', NULL);
INSERT INTO 3dawdb.disciplinas_requisitos(Disciplina, Pre_requisito) VALUES ( 'ACH0131', NULL);
INSERT INTO 3dawdb.disciplinas_requisitos(Disciplina, Pre_requisito) VALUES ( 'ACH0132', NULL);
INSERT INTO 3dawdb.disciplinas_requisitos(Disciplina, Pre_requisito) VALUES ( 'ACH0141', NULL);
INSERT INTO 3dawdb.disciplinas_requisitos(Disciplina, Pre_requisito) VALUES ( 'ACH0142', NULL);
INSERT INTO 3dawdb.disciplinas_requisitos(Disciplina, Pre_requisito) VALUES ( 'ACH0151', NULL);
INSERT INTO 3dawdb.disciplinas_requisitos(Disciplina, Pre_requisito) VALUES ( 'ACH0152', NULL);
INSERT INTO 3dawdb.disciplinas_requisitos(Disciplina, Pre_requisito) VALUES ( 'ACH0161', NULL);
INSERT INTO 3dawdb.disciplinas_requisitos(Disciplina, Pre_requisito) VALUES ( 'ACH0162', NULL);
INSERT INTO 3dawdb.disciplinas_requisitos(Disciplina, Pre_requisito) VALUES ( 'ACH0172', NULL);
INSERT INTO 3dawdb.disciplinas_requisitos(Disciplina, Pre_requisito) VALUES ( 'ACH0182', NULL);
INSERT INTO 3dawdb.disciplinas_requisitos(Disciplina, Pre_requisito) VALUES ( 'ACH0192', NULL);
INSERT INTO 3dawdb.disciplinas_requisitos(Disciplina, Pre_requisito) VALUES ( 'ACH2001 ', NULL);
INSERT INTO 3dawdb.disciplinas_requisitos(Disciplina, Pre_requisito) VALUES ( 'ACH2002', 'ACH2001');
INSERT INTO 3dawdb.disciplinas_requisitos(Disciplina, Pre_requisito) VALUES ( 'ACH2003', 'ACH2001');
INSERT INTO 3dawdb.disciplinas_requisitos(Disciplina, Pre_requisito) VALUES ( 'ACH2004', 'ACH2003');
INSERT INTO 3dawdb.disciplinas_requisitos(Disciplina, Pre_requisito) VALUES ( 'ACH2005', 'ACH2003');
INSERT INTO 3dawdb.disciplinas_requisitos(Disciplina, Pre_requisito) VALUES ( 'ACH2006', 'ACH2005');
INSERT INTO 3dawdb.disciplinas_requisitos(Disciplina, Pre_requisito) VALUES ( 'ACH2007', 'ACH2006');
INSERT INTO 3dawdb.disciplinas_requisitos(Disciplina, Pre_requisito) VALUES ( 'ACH2008', 'ACH2003');
INSERT INTO 3dawdb.disciplinas_requisitos(Disciplina, Pre_requisito) VALUES ( 'ACH2011', NULL);
INSERT INTO 3dawdb.disciplinas_requisitos(Disciplina, Pre_requisito) VALUES ( 'ACH2012', 'ACH2011');
INSERT INTO 3dawdb.disciplinas_requisitos(Disciplina, Pre_requisito) VALUES ( 'ACH2013', NULL);
INSERT INTO 3dawdb.disciplinas_requisitos(Disciplina, Pre_requisito) VALUES ( 'ACH2014', NULL);
INSERT INTO 3dawdb.disciplinas_requisitos(Disciplina, Pre_requisito) VALUES ( 'ACH2015', NULL);
INSERT INTO 3dawdb.disciplinas_requisitos(Disciplina, Pre_requisito) VALUES ( 'ACH2016', 'ACH2024');
INSERT INTO 3dawdb.disciplinas_requisitos(Disciplina, Pre_requisito) VALUES ( 'ACH2017', 'ACH2004');
INSERT INTO 3dawdb.disciplinas_requisitos(Disciplina, Pre_requisito) VALUES ( 'ACH2018', 'ACH2017');
INSERT INTO 3dawdb.disciplinas_requisitos(Disciplina, Pre_requisito) VALUES ( 'ACH2023', 'ACH2002');
INSERT INTO 3dawdb.disciplinas_requisitos(Disciplina, Pre_requisito) VALUES ( 'ACH2023', 'ACH2001');
INSERT INTO 3dawdb.disciplinas_requisitos(Disciplina, Pre_requisito) VALUES ( 'ACH2024', 'ACH2023');
INSERT INTO 3dawdb.disciplinas_requisitos(Disciplina, Pre_requisito) VALUES ( 'ACH2025', 'ACH2004');
INSERT INTO 3dawdb.disciplinas_requisitos(Disciplina, Pre_requisito) VALUES ( 'ACH2026', 'ACH2034');
INSERT INTO 3dawdb.disciplinas_requisitos(Disciplina, Pre_requisito) VALUES ( 'ACH2027', 'ACH2005');
INSERT INTO 3dawdb.disciplinas_requisitos(Disciplina, Pre_requisito) VALUES ( 'ACH2027', 'ACH2005');
INSERT INTO 3dawdb.disciplinas_requisitos(Disciplina, Pre_requisito) VALUES ( 'ACH2028', 'ACH2006');
INSERT INTO 3dawdb.disciplinas_requisitos(Disciplina, Pre_requisito) VALUES ( 'ACH2033', 'ACH2011');
INSERT INTO 3dawdb.disciplinas_requisitos(Disciplina, Pre_requisito) VALUES ( 'ACH2034', 'ACH2013');
INSERT INTO 3dawdb.disciplinas_requisitos(Disciplina, Pre_requisito) VALUES ( 'ACH2036', 'ACH2053');
INSERT INTO 3dawdb.disciplinas_requisitos(Disciplina, Pre_requisito) VALUES ( 'ACH2037', 'ACH2036');
INSERT INTO 3dawdb.disciplinas_requisitos(Disciplina, Pre_requisito) VALUES ( 'ACH2038', 'ACH2026');
INSERT INTO 3dawdb.disciplinas_requisitos(Disciplina, Pre_requisito) VALUES ( 'ACH2043', 'ACH2013');
INSERT INTO 3dawdb.disciplinas_requisitos(Disciplina, Pre_requisito) VALUES ( 'ACH2044', 'ACH2034');
INSERT INTO 3dawdb.disciplinas_requisitos(Disciplina, Pre_requisito) VALUES ( 'ACH2048', 'ACH2026');
INSERT INTO 3dawdb.disciplinas_requisitos(Disciplina, Pre_requisito) VALUES ( 'ACH2053', 'ACH0021');
INSERT INTO 3dawdb.disciplinas_requisitos(Disciplina, Pre_requisito) VALUES ( 'ACH2053', 'ACH2012');
INSERT INTO 3dawdb.disciplinas_requisitos(Disciplina, Pre_requisito) VALUES ( 'ACH2055', 'ACH2034');
INSERT INTO 3dawdb.disciplinas_requisitos(Disciplina, Pre_requisito) VALUES ( 'ACH2063', NULL);
INSERT INTO 3dawdb.disciplinas_requisitos(Disciplina, Pre_requisito) VALUES ( 'ACH2066', 'ACH2025');
INSERT INTO 3dawdb.disciplinas_requisitos(Disciplina, Pre_requisito) VALUES ( 'ACH2067', 'ACH2014');
INSERT INTO 3dawdb.disciplinas_requisitos(Disciplina, Pre_requisito) VALUES ( 'ACH2067', 'ACH2027');
INSERT INTO 3dawdb.disciplinas_requisitos(Disciplina, Pre_requisito) VALUES ( 'ACH2068', 'ACH2005');
INSERT INTO 3dawdb.disciplinas_requisitos(Disciplina, Pre_requisito) VALUES ( 'ACH2068', 'ACH2006');
INSERT INTO 3dawdb.disciplinas_requisitos(Disciplina, Pre_requisito) VALUES ( 'ACH2076', 'ACH2034');
INSERT INTO 3dawdb.disciplinas_requisitos(Disciplina, Pre_requisito) VALUES ( 'ACH2077', 'ACH2004');
INSERT INTO 3dawdb.disciplinas_requisitos(Disciplina, Pre_requisito) VALUES ( 'ACH2078', NULL);
INSERT INTO 3dawdb.disciplinas_requisitos(Disciplina, Pre_requisito) VALUES ( 'ACH2086', 'ACH2005');
INSERT INTO 3dawdb.disciplinas_requisitos(Disciplina, Pre_requisito) VALUES ( 'ACH2087', 'ACH2024');
INSERT INTO 3dawdb.disciplinas_requisitos(Disciplina, Pre_requisito) VALUES ( 'ACH2087', 'ACH2033');
INSERT INTO 3dawdb.disciplinas_requisitos(Disciplina, Pre_requisito) VALUES ( 'ACH2096', 'ACH2024');
INSERT INTO 3dawdb.disciplinas_requisitos(Disciplina, Pre_requisito) VALUES ( 'ACH2096', 'ACH2044');
INSERT INTO 3dawdb.disciplinas_requisitos(Disciplina, Pre_requisito) VALUES ( 'ACH2098', 'ACH2004');
INSERT INTO 3dawdb.disciplinas_requisitos(Disciplina, Pre_requisito) VALUES ( 'ACH2098', 'ACH2013');
INSERT INTO 3dawdb.disciplinas_requisitos(Disciplina, Pre_requisito) VALUES ( 'ACH2106', 'ACH2003');
INSERT INTO 3dawdb.disciplinas_requisitos(Disciplina, Pre_requisito) VALUES ( 'ACH2106', 'ACH2005');
INSERT INTO 3dawdb.disciplinas_requisitos(Disciplina, Pre_requisito) VALUES ( 'ACH2107', NULL);
INSERT INTO 3dawdb.disciplinas_requisitos(Disciplina, Pre_requisito) VALUES ( 'ACH2108', 'ACH2024');
INSERT INTO 3dawdb.disciplinas_requisitos(Disciplina, Pre_requisito) VALUES ( 'ACH2117', 'ACH2023');
INSERT INTO 3dawdb.disciplinas_requisitos(Disciplina, Pre_requisito) VALUES ( 'ACH2117', 'ACH2033');
INSERT INTO 3dawdb.disciplinas_requisitos(Disciplina, Pre_requisito) VALUES ( 'ACH2118', 'ACH2016');
INSERT INTO 3dawdb.disciplinas_requisitos(Disciplina, Pre_requisito) VALUES ( 'ACH2127', 'ACH2014');
INSERT INTO 3dawdb.disciplinas_requisitos(Disciplina, Pre_requisito) VALUES ( 'ACH2127', 'ACH2027');
INSERT INTO 3dawdb.disciplinas_requisitos(Disciplina, Pre_requisito) VALUES ( 'ACH2128', 'ACH2024');
INSERT INTO 3dawdb.disciplinas_requisitos(Disciplina, Pre_requisito) VALUES ( 'ACH2128', 'ACH2033');
INSERT INTO 3dawdb.disciplinas_requisitos(Disciplina, Pre_requisito) VALUES ( 'ACH2128', 'ACH2053');
INSERT INTO 3dawdb.disciplinas_requisitos(Disciplina, Pre_requisito) VALUES ( 'ACH2137', 'ACH2024');
INSERT INTO 3dawdb.disciplinas_requisitos(Disciplina, Pre_requisito) VALUES ( 'ACH2138', 'ACH2053');
INSERT INTO 3dawdb.disciplinas_requisitos(Disciplina, Pre_requisito) VALUES ( 'ACH2147', 'ACH2004');
INSERT INTO 3dawdb.disciplinas_requisitos(Disciplina, Pre_requisito) VALUES ( 'ACH2147', 'ACH2044');
INSERT INTO 3dawdb.disciplinas_requisitos(Disciplina, Pre_requisito) VALUES ( 'ACH2148', 'ACH2024');
INSERT INTO 3dawdb.disciplinas_requisitos(Disciplina, Pre_requisito) VALUES ( 'ACH2157', 'ACH2024');
INSERT INTO 3dawdb.disciplinas_requisitos(Disciplina, Pre_requisito) VALUES ( 'ACH2158', 'ACH2001');
INSERT INTO 3dawdb.disciplinas_requisitos(Disciplina, Pre_requisito) VALUES ( 'ACH2158', 'ACH2053');
INSERT INTO 3dawdb.disciplinas_requisitos(Disciplina, Pre_requisito) VALUES ( 'ACH2167', 'ACH2023');
INSERT INTO 3dawdb.disciplinas_requisitos(Disciplina, Pre_requisito) VALUES ( 'ACH2177', 'ACH2004');
INSERT INTO 3dawdb.disciplinas_requisitos(Disciplina, Pre_requisito) VALUES ( 'ACH2177', 'ACH2053');
INSERT INTO 3dawdb.disciplinas_requisitos(Disciplina, Pre_requisito) VALUES ( 'ACH2187', 'ACH2016');
INSERT INTO 3dawdb.disciplinas_requisitos(Disciplina, Pre_requisito) VALUES ( 'ACH2187', 'ACH2053');
INSERT INTO 3dawdb.disciplinas_requisitos(Disciplina, Pre_requisito) VALUES ( 'ACH3778', NULL);
INSERT INTO 3dawdb.disciplinas_requisitos(Disciplina, Pre_requisito) VALUES ( 'MAC0216', NULL);
INSERT INTO 3dawdb.disciplinas_requisitos(Disciplina, Pre_requisito) VALUES ( 'MAC0471', 'ACH2001');
INSERT INTO 3dawdb.disciplinas_requisitos(Disciplina, Pre_requisito) VALUES ( 'MAC0475', 'ACH2006');
INSERT INTO 3dawdb.disciplinas_requisitos(Disciplina, Pre_requisito) VALUES ( 'MAC0546', 'MAC0216');
INSERT INTO 3dawdb.Professores(ID, Nome, Disciplina, Turno) VALUES ('M0001','Abraão Amorim  Fidelis', 'ACH2002', 'Manhã');
INSERT INTO 3dawdb.Professores(ID, Nome, Disciplina, Turno) VALUES ('M0002','Ofelia Prata  Maia', 'ACH0021', 'Manhã');
INSERT INTO 3dawdb.Professores(ID, Nome, Disciplina, Turno) VALUES ('M0003','Cícero Bastos  Vasconcelos', 'ACH0041', 'Manhã');
INSERT INTO 3dawdb.Professores(ID, Nome, Disciplina, Turno) VALUES ('M0004','Feliciano Peixoto  Soares', 'ACH0042', 'Manhã');
INSERT INTO 3dawdb.Professores(ID, Nome, Disciplina, Turno) VALUES ('M0005','Vanja Chiaretto  Moura', 'ACH2001 ', 'Manhã');
INSERT INTO 3dawdb.Professores(ID, Nome, Disciplina, Turno) VALUES ('M0006','Danilo Castro  Sargentelli', 'ACH2003', 'Manhã');
INSERT INTO 3dawdb.Professores(ID, Nome, Disciplina, Turno) VALUES ('M0007','Maurícia Messias  Medeiros', 'ACH2004', 'Manhã');
INSERT INTO 3dawdb.Professores(ID, Nome, Disciplina, Turno) VALUES ('M0008','Moema Santos  Carneiro', 'ACH2005', 'Manhã');
INSERT INTO 3dawdb.Professores(ID, Nome, Disciplina, Turno) VALUES ('M0009','Rejane Pessoa  Parreira', 'ACH2006', 'Manhã');
INSERT INTO 3dawdb.Professores(ID, Nome, Disciplina, Turno) VALUES ('M0010','Adilson Gonzalles  Vieira', 'ACH2008', 'Manhã');
INSERT INTO 3dawdb.Professores(ID, Nome, Disciplina, Turno) VALUES ('M0011','Abimael Moreti  Carneiro', 'ACH2011', 'Manhã');
INSERT INTO 3dawdb.Professores(ID, Nome, Disciplina, Turno) VALUES ('M0012','Manuele Mendes  Rangel', 'ACH2012', 'Manhã');
INSERT INTO 3dawdb.Professores(ID, Nome, Disciplina, Turno) VALUES ('M0013','Heloise Sater  Celestino', 'ACH2013', 'Manhã');
INSERT INTO 3dawdb.Professores(ID, Nome, Disciplina, Turno) VALUES ('M0014','Mirella Amorim  Sarmento', 'ACH2014', 'Manhã');
INSERT INTO 3dawdb.Professores(ID, Nome, Disciplina, Turno) VALUES ('M0015','Péricles Arruda  Sargentelli', 'ACH2016', 'Manhã');
INSERT INTO 3dawdb.Professores(ID, Nome, Disciplina, Turno) VALUES ('M0016','Germano Albuquerque  Fagundes', 'ACH2017', 'Manhã');
INSERT INTO 3dawdb.Professores(ID, Nome, Disciplina, Turno) VALUES ('M0017','Waldecir Rocha  Boch', 'ACH2018', 'Manhã');
INSERT INTO 3dawdb.Professores(ID, Nome, Disciplina, Turno) VALUES ('M0018','Anderson Bertolino  Silveira', 'ACH2023', 'Manhã');
INSERT INTO 3dawdb.Professores(ID, Nome, Disciplina, Turno) VALUES ('M0019','Bruna Freitas  Duarte', 'ACH2024', 'Manhã');
INSERT INTO 3dawdb.Professores(ID, Nome, Disciplina, Turno) VALUES ('M0020','Carlos Lira  Neves', 'ACH2025', 'Manhã');
INSERT INTO 3dawdb.Professores(ID, Nome, Disciplina, Turno) VALUES ('M0021','Samantha Pereira  Barbosa', 'ACH2026', 'Manhã');
INSERT INTO 3dawdb.Professores(ID, Nome, Disciplina, Turno) VALUES ('M0022','Valdecir Fagundes  Colombo', 'ACH2027', 'Manhã');
INSERT INTO 3dawdb.Professores(ID, Nome, Disciplina, Turno) VALUES ('M0023','Hermínio Vasconcelos  Bonfim', 'ACH2033', 'Manhã');
INSERT INTO 3dawdb.Professores(ID, Nome, Disciplina, Turno) VALUES ('M0024','Joaquina Andrade  Xavier', 'ACH2034', 'Manhã');
INSERT INTO 3dawdb.Professores(ID, Nome, Disciplina, Turno) VALUES ('M0025','Clodoaldo Martins  Sagioro', 'ACH2036', 'Manhã');
INSERT INTO 3dawdb.Professores(ID, Nome, Disciplina, Turno) VALUES ('M0026','Luciana Messias  Ferber', 'ACH2043', 'Manhã');
INSERT INTO 3dawdb.Professores(ID, Nome, Disciplina, Turno) VALUES ('M0027','Cidclei Dahmer  Cardoso', 'ACH2044', 'Manhã');
INSERT INTO 3dawdb.Professores(ID, Nome, Disciplina, Turno) VALUES ('M0028','Stela Aranha  Barros', 'ACH2053', 'Manhã');
INSERT INTO 3dawdb.Professores(ID, Nome, Disciplina, Turno) VALUES ('M0029','Karine Assunção  Costa', 'ACH2055', 'Manhã');
INSERT INTO 3dawdb.Professores(ID, Nome, Disciplina, Turno) VALUES ('M0030','Lavínia Bertolino  Cerqueira', 'ACH2063', 'Manhã');
INSERT INTO 3dawdb.Professores(ID, Nome, Disciplina, Turno) VALUES ('M0031','Stella Segura  Araújo', 'ACH2147', 'Manhã');
INSERT INTO 3dawdb.Professores(ID, Nome, Disciplina, Turno) VALUES ('M0032','Arlindo Cance  Cândido', 'ACH0101', 'Manhã');
INSERT INTO 3dawdb.Professores(ID, Nome, Disciplina, Turno) VALUES ('M0033','Valentina Segura  Pimentel', 'ACH0102', 'Manhã');
INSERT INTO 3dawdb.Professores(ID, Nome, Disciplina, Turno) VALUES ('M0034','Carlos Lira  Leal', 'ACH0111', 'Manhã');
INSERT INTO 3dawdb.Professores(ID, Nome, Disciplina, Turno) VALUES ('M0035','Marcilene Trajano  Castro', 'ACH0112', 'Manhã');
INSERT INTO 3dawdb.Professores(ID, Nome, Disciplina, Turno) VALUES ('M0036','Célia Pereira  Conceição', 'ACH0121', 'Manhã');
INSERT INTO 3dawdb.Professores(ID, Nome, Disciplina, Turno) VALUES ('M0037','Giovane Ferreira  Teixeira', 'ACH0122', 'Manhã');
INSERT INTO 3dawdb.Professores(ID, Nome, Disciplina, Turno) VALUES ('M0038','Zélia Rosa  Branco', 'ACH0131', 'Manhã');
INSERT INTO 3dawdb.Professores(ID, Nome, Disciplina, Turno) VALUES ('M0039','Lourdes Assunção  Braz', 'ACH0132', 'Manhã');
INSERT INTO 3dawdb.Professores(ID, Nome, Disciplina, Turno) VALUES ('M0040','Vinícius Stabili  Assis', 'ACH0141', 'Manhã');
INSERT INTO 3dawdb.Professores(ID, Nome, Disciplina, Turno) VALUES ('M0041','Jean Fernandes  Branco', 'ACH0142', 'Manhã');
INSERT INTO 3dawdb.Professores(ID, Nome, Disciplina, Turno) VALUES ('M0042','Luan Wasercjer  Duarte', 'ACH0151', 'Manhã');
INSERT INTO 3dawdb.Professores(ID, Nome, Disciplina, Turno) VALUES ('M0043','Emília Branco  Vieira', 'ACH0152', 'Manhã');
INSERT INTO 3dawdb.Professores(ID, Nome, Disciplina, Turno) VALUES ('M0044','Lisandra Feitosa  Duarte', 'ACH0161', 'Manhã');
INSERT INTO 3dawdb.Professores(ID, Nome, Disciplina, Turno) VALUES ('M0045','Bryan Queiroz  Campos', 'ACH0162', 'Manhã');
INSERT INTO 3dawdb.Professores(ID, Nome, Disciplina, Turno) VALUES ('M0046','Pâmela Teixeira  Guerra', 'ACH0172', 'Manhã');
INSERT INTO 3dawdb.Professores(ID, Nome, Disciplina, Turno) VALUES ('M0047','Ernesto Simão  Gusmão', 'ACH0182', 'Manhã');
INSERT INTO 3dawdb.Professores(ID, Nome, Disciplina, Turno) VALUES ('M0048','Marina Ferber  Moura', 'ACH0192', 'Manhã');
INSERT INTO 3dawdb.Professores(ID, Nome, Disciplina, Turno) VALUES ('M0049','Hebert Molina  Barroso', 'ACH2007', 'Manhã');
INSERT INTO 3dawdb.Professores(ID, Nome, Disciplina, Turno) VALUES ('M0050','Benilda Amorim  Firmino', 'ACH2015', 'Manhã');
INSERT INTO 3dawdb.Professores(ID, Nome, Disciplina, Turno) VALUES ('M0051','Diogo Silva  Bezerra', 'ACH2028', 'Manhã');
INSERT INTO 3dawdb.Professores(ID, Nome, Disciplina, Turno) VALUES ('M0052','Eliã Costa  Santos', 'ACH2037', 'Manhã');
INSERT INTO 3dawdb.Professores(ID, Nome, Disciplina, Turno) VALUES ('M0053','Vagner Murinelli  Bonfim', 'ACH2038', 'Manhã');
INSERT INTO 3dawdb.Professores(ID, Nome, Disciplina, Turno) VALUES ('M0054','Brendom Pitanga  Ferreira', 'ACH2048', 'Manhã');
INSERT INTO 3dawdb.Professores(ID, Nome, Disciplina, Turno) VALUES ('M0055','Ana Bastos  Sater', 'ACH2066', 'Manhã');
INSERT INTO 3dawdb.Professores(ID, Nome, Disciplina, Turno) VALUES ('M0056','Dário Dourado  Coelho', 'ACH2067', 'Manhã');
INSERT INTO 3dawdb.Professores(ID, Nome, Disciplina, Turno) VALUES ('M0057','André Ribeiro  Celestino', 'ACH2068', 'Manhã');
INSERT INTO 3dawdb.Professores(ID, Nome, Disciplina, Turno) VALUES ('M0058','Oswaldina Silveira  Schimidt', 'ACH2076', 'Manhã');
INSERT INTO 3dawdb.Professores(ID, Nome, Disciplina, Turno) VALUES ('M0059','Jenifer Queiroz  Cota', 'ACH2077', 'Manhã');
INSERT INTO 3dawdb.Professores(ID, Nome, Disciplina, Turno) VALUES ('M0060','Adolfo Pinheiro  Firmino', 'ACH2078', 'Manhã');
INSERT INTO 3dawdb.Professores(ID, Nome, Disciplina, Turno) VALUES ('M0061','Analu Caitano  Casanova', 'ACH2086', 'Manhã');
INSERT INTO 3dawdb.Professores(ID, Nome, Disciplina, Turno) VALUES ('M0062','Naiara Biasotto  Caldas', 'ACH2087', 'Manhã');
INSERT INTO 3dawdb.Professores(ID, Nome, Disciplina, Turno) VALUES ('M0063','Leiliana Celestino  Moreti', 'ACH2096', 'Manhã');
INSERT INTO 3dawdb.Professores(ID, Nome, Disciplina, Turno) VALUES ('M0064','Hélio Campos  Silveira', 'ACH2098', 'Manhã');
INSERT INTO 3dawdb.Professores(ID, Nome, Disciplina, Turno) VALUES ('M0065','Jeane Pacheco  Oliveira', 'ACH2106', 'Manhã');
INSERT INTO 3dawdb.Professores(ID, Nome, Disciplina, Turno) VALUES ('M0066','Sofia Severo  Xavier', 'ACH2107', 'Manhã');
INSERT INTO 3dawdb.Professores(ID, Nome, Disciplina, Turno) VALUES ('M0067','Jorge Freitas  Rodrigues', 'ACH2108', 'Manhã');
INSERT INTO 3dawdb.Professores(ID, Nome, Disciplina, Turno) VALUES ('M0068','Hélder Moreira  Paula', 'ACH2117', 'Manhã');
INSERT INTO 3dawdb.Professores(ID, Nome, Disciplina, Turno) VALUES ('M0069','César Lira  Rigotti', 'ACH2118', 'Manhã');
INSERT INTO 3dawdb.Professores(ID, Nome, Disciplina, Turno) VALUES ('M0070','Thais Paixão  Campeiro', 'ACH2127', 'Manhã');
INSERT INTO 3dawdb.Professores(ID, Nome, Disciplina, Turno) VALUES ('M0071','Abimael Severo  Branco', 'ACH2128', 'Manhã');
INSERT INTO 3dawdb.Professores(ID, Nome, Disciplina, Turno) VALUES ('M0072','Olívia Valle  Campiglio', 'ACH2137', 'Manhã');
INSERT INTO 3dawdb.Professores(ID, Nome, Disciplina, Turno) VALUES ('M0073','Jeremias Gomes  Cerqueira', 'ACH2138', 'Manhã');
INSERT INTO 3dawdb.Professores(ID, Nome, Disciplina, Turno) VALUES ('M0074','Hermínio Kiefer  Fernandes', 'ACH2148', 'Manhã');
INSERT INTO 3dawdb.Professores(ID, Nome, Disciplina, Turno) VALUES ('M0075','Giovanne Carvalho  Angelo', 'ACH2157', 'Manhã');
INSERT INTO 3dawdb.Professores(ID, Nome, Disciplina, Turno) VALUES ('M0076','Ribamar Ellero  Sagioro', 'ACH2158', 'Manhã');
INSERT INTO 3dawdb.Professores(ID, Nome, Disciplina, Turno) VALUES ('M0077','Malaquias Góes  Caldas', 'ACH2167', 'Manhã');
INSERT INTO 3dawdb.Professores(ID, Nome, Disciplina, Turno) VALUES ('M0078','Michaelângelo Matos  Borges', 'ACH2177', 'Manhã');
INSERT INTO 3dawdb.Professores(ID, Nome, Disciplina, Turno) VALUES ('M0079','Igor Assumpção  Amaral', 'ACH2187', 'Manhã');
INSERT INTO 3dawdb.Professores(ID, Nome, Disciplina, Turno) VALUES ('M0080','Giulia Solano  Marzola', 'ACH3778', 'Manhã');
INSERT INTO 3dawdb.Professores(ID, Nome, Disciplina, Turno) VALUES ('M0081','Tarso Medeiros  Cerqueira', 'MAC0216', 'Manhã');
INSERT INTO 3dawdb.Professores(ID, Nome, Disciplina, Turno) VALUES ('M0082','Felipe Valença  Cardoso', 'MAC0471', 'Manhã');
INSERT INTO 3dawdb.Professores(ID, Nome, Disciplina, Turno) VALUES ('M0083','Ângelo Gusmão  Gusmão', 'MAC0475', 'Manhã');
INSERT INTO 3dawdb.Professores(ID, Nome, Disciplina, Turno) VALUES ('M0084','Luna Lourenço  Assis', 'MAC0546', 'Manhã');
INSERT INTO 3dawdb.Professores(ID, Nome, Disciplina, Turno) VALUES ('M0085','Caio Dourado  Caetano', 'ACH2002', 'Noite');
INSERT INTO 3dawdb.Professores(ID, Nome, Disciplina, Turno) VALUES ('M0086','Acácio Moreira  Parreira', 'ACH0021', 'Noite');
INSERT INTO 3dawdb.Professores(ID, Nome, Disciplina, Turno) VALUES ('M0087','Arlete Veloso  Lourenço', 'ACH0041', 'Noite');
INSERT INTO 3dawdb.Professores(ID, Nome, Disciplina, Turno) VALUES ('M0088','Arlete Messias  Bernardes', 'ACH0042', 'Noite');
INSERT INTO 3dawdb.Professores(ID, Nome, Disciplina, Turno) VALUES ('M0089','Maiara Fernandes  Souza', 'ACH2001 ', 'Noite');
INSERT INTO 3dawdb.Professores(ID, Nome, Disciplina, Turno) VALUES ('M0090','Leomar Ribeiro  Assumpção', 'ACH2003', 'Noite');
INSERT INTO 3dawdb.Professores(ID, Nome, Disciplina, Turno) VALUES ('M0091','Lara Freitas  Fontana', 'ACH2004', 'Noite');
INSERT INTO 3dawdb.Professores(ID, Nome, Disciplina, Turno) VALUES ('M0092','Edson Vargas  Bernardes', 'ACH2005', 'Noite');
INSERT INTO 3dawdb.Professores(ID, Nome, Disciplina, Turno) VALUES ('M0093','Jurandir Campeiro  Ferreira', 'ACH2006', 'Noite');
INSERT INTO 3dawdb.Professores(ID, Nome, Disciplina, Turno) VALUES ('M0094','Victor Hugo Nascimento  Rosa', 'ACH2008', 'Noite');
INSERT INTO 3dawdb.Professores(ID, Nome, Disciplina, Turno) VALUES ('M0095','Francesca Miranda  Bispo', 'ACH2011', 'Noite');
INSERT INTO 3dawdb.Professores(ID, Nome, Disciplina, Turno) VALUES ('M0096','Viviana Moreira  Arruda', 'ACH2012', 'Noite');
INSERT INTO 3dawdb.Professores(ID, Nome, Disciplina, Turno) VALUES ('M0097','Carla Furtado  Sá', 'ACH2013', 'Noite');
INSERT INTO 3dawdb.Professores(ID, Nome, Disciplina, Turno) VALUES ('M0098','Ayla Scharf  Pereira', 'ACH2014', 'Noite');
INSERT INTO 3dawdb.Professores(ID, Nome, Disciplina, Turno) VALUES ('M0099','Miriam Nardelli  Gonzaga', 'ACH2016', 'Noite');
INSERT INTO 3dawdb.Professores(ID, Nome, Disciplina, Turno) VALUES ('M0100','Joyce Barros  Monteiro', 'ACH2017', 'Noite');
INSERT INTO 3dawdb.Professores(ID, Nome, Disciplina, Turno) VALUES ('M0101','Omar Bandeira  Sanchez', 'ACH2018', 'Noite');
INSERT INTO 3dawdb.Professores(ID, Nome, Disciplina, Turno) VALUES ('M0102','Esther Lima  Carneiro', 'ACH2023', 'Noite');
INSERT INTO 3dawdb.Professores(ID, Nome, Disciplina, Turno) VALUES ('M0103','Humberto Cardoso  Amorim', 'ACH2024', 'Noite');
INSERT INTO 3dawdb.Professores(ID, Nome, Disciplina, Turno) VALUES ('M0104','Wanda Cervini  Nunes', 'ACH2025', 'Noite');
INSERT INTO 3dawdb.Professores(ID, Nome, Disciplina, Turno) VALUES ('M0105','Ludmila Celestino  Generoso', 'ACH2026', 'Noite');
INSERT INTO 3dawdb.Professores(ID, Nome, Disciplina, Turno) VALUES ('M0106','Zulmira Branco  Amorim', 'ACH2027', 'Noite');
INSERT INTO 3dawdb.Professores(ID, Nome, Disciplina, Turno) VALUES ('M0107','Rozeani Rosa  Lemes', 'ACH2033', 'Noite');
INSERT INTO 3dawdb.Professores(ID, Nome, Disciplina, Turno) VALUES ('M0108','Alceu Barroso  Sales', 'ACH2034', 'Noite');
INSERT INTO 3dawdb.Professores(ID, Nome, Disciplina, Turno) VALUES ('M0109','Rodolfo Gomes  Bandeira', 'ACH2036', 'Noite');
INSERT INTO 3dawdb.Professores(ID, Nome, Disciplina, Turno) VALUES ('M0110','Maiara Pessoa  Arruda', 'ACH2043', 'Noite');
INSERT INTO 3dawdb.Professores(ID, Nome, Disciplina, Turno) VALUES ('M0111','Raul Nascimento  Pereira', 'ACH2044', 'Noite');
INSERT INTO 3dawdb.Professores(ID, Nome, Disciplina, Turno) VALUES ('M0112','Leonardo Casanova  Sales', 'ACH2053', 'Noite');
INSERT INTO 3dawdb.Professores(ID, Nome, Disciplina, Turno) VALUES ('M0113','Yvenne Reis  Conceição', 'ACH2055', 'Noite');
INSERT INTO 3dawdb.Professores(ID, Nome, Disciplina, Turno) VALUES ('M0114','Giulia Carvalho  Cota', 'ACH2063', 'Noite');
INSERT INTO 3dawdb.Professores(ID, Nome, Disciplina, Turno) VALUES ('M0115','Sarah Ferraz  Curado', 'ACH2147', 'Noite');
INSERT INTO 3dawdb.Professores(ID, Nome, Disciplina, Turno) VALUES ('M0116','Nicolas Barrio  Almeida', 'ACH0101', 'Noite');
INSERT INTO 3dawdb.Professores(ID, Nome, Disciplina, Turno) VALUES ('M0117','Juan Xavier  Guimarães', 'ACH0102', 'Noite');
INSERT INTO 3dawdb.Professores(ID, Nome, Disciplina, Turno) VALUES ('M0118','Julieta Cerqueira  Martins', 'ACH0111', 'Noite');
INSERT INTO 3dawdb.Professores(ID, Nome, Disciplina, Turno) VALUES ('M0119','Natasha Barbosa  Amorim', 'ACH0112', 'Noite');
INSERT INTO 3dawdb.Professores(ID, Nome, Disciplina, Turno) VALUES ('M0120','Jadisson Moreira  Barros', 'ACH0121', 'Noite');
INSERT INTO 3dawdb.Professores(ID, Nome, Disciplina, Turno) VALUES ('M0121','Hebert Bezerra  Leite', 'ACH0122', 'Noite');
INSERT INTO 3dawdb.Professores(ID, Nome, Disciplina, Turno) VALUES ('M0122','Fabíola Vasconcelos  Gonzalles', 'ACH0131', 'Noite');
INSERT INTO 3dawdb.Professores(ID, Nome, Disciplina, Turno) VALUES ('M0123','Abínio Neves  Pereira', 'ACH0132', 'Noite');
INSERT INTO 3dawdb.Professores(ID, Nome, Disciplina, Turno) VALUES ('M0124','Jair Vasconcelos  Barros', 'ACH0141', 'Noite');
INSERT INTO 3dawdb.Professores(ID, Nome, Disciplina, Turno) VALUES ('M0125','Samara Gabus  Bulhões', 'ACH0142', 'Noite');
INSERT INTO 3dawdb.Professores(ID, Nome, Disciplina, Turno) VALUES ('M0126','Rozelia Vargas  Sanchez', 'ACH0151', 'Noite');
INSERT INTO 3dawdb.Professores(ID, Nome, Disciplina, Turno) VALUES ('M0127','Maíra Barbosa  Bonfim', 'ACH0152', 'Noite');
INSERT INTO 3dawdb.Professores(ID, Nome, Disciplina, Turno) VALUES ('M0128','Wellington Braz  Caminha', 'ACH0161', 'Noite');
INSERT INTO 3dawdb.Professores(ID, Nome, Disciplina, Turno) VALUES ('M0129','Pietra Camponato  Caetano', 'ACH0162', 'Noite');
INSERT INTO 3dawdb.Professores(ID, Nome, Disciplina, Turno) VALUES ('M0130','Natanias Leitão  Santoro', 'ACH0172', 'Noite');
INSERT INTO 3dawdb.Professores(ID, Nome, Disciplina, Turno) VALUES ('M0131','Aquiles Vieira  Dantas', 'ACH0182', 'Noite');
INSERT INTO 3dawdb.Professores(ID, Nome, Disciplina, Turno) VALUES ('M0132','David Solano  Melo', 'ACH0192', 'Noite');
INSERT INTO 3dawdb.Professores(ID, Nome, Disciplina, Turno) VALUES ('M0133','Roselane Camponato  Vasconcelos', 'ACH2007', 'Noite');
INSERT INTO 3dawdb.Professores(ID, Nome, Disciplina, Turno) VALUES ('M0134','Richard Cance  Rossi', 'ACH2015', 'Noite');
INSERT INTO 3dawdb.Professores(ID, Nome, Disciplina, Turno) VALUES ('M0135','Adivane Nardelli  Matos', 'ACH2028', 'Noite');
INSERT INTO 3dawdb.Professores(ID, Nome, Disciplina, Turno) VALUES ('M0136','Ana Furtado  Oliveira', 'ACH2037', 'Noite');
INSERT INTO 3dawdb.Professores(ID, Nome, Disciplina, Turno) VALUES ('M0137','Eriberto Médici  Lira', 'ACH2038', 'Noite');
INSERT INTO 3dawdb.Professores(ID, Nome, Disciplina, Turno) VALUES ('M0138','Marlon Cavalcanti  Dahmer', 'ACH2048', 'Noite');
INSERT INTO 3dawdb.Professores(ID, Nome, Disciplina, Turno) VALUES ('M0139','Danilo Gomes  Borges', 'ACH2066', 'Noite');
INSERT INTO 3dawdb.Professores(ID, Nome, Disciplina, Turno) VALUES ('M0140','Adriana Pereira  Rocha', 'ACH2067', 'Noite');
INSERT INTO 3dawdb.Professores(ID, Nome, Disciplina, Turno) VALUES ('M0141','Hulda Souza  Rios', 'ACH2068', 'Noite');
INSERT INTO 3dawdb.Professores(ID, Nome, Disciplina, Turno) VALUES ('M0142','Lara Sales  Guimarães', 'ACH2076', 'Noite');
INSERT INTO 3dawdb.Professores(ID, Nome, Disciplina, Turno) VALUES ('M0143','Stella Araki  Bernardo', 'ACH2077', 'Noite');
INSERT INTO 3dawdb.Professores(ID, Nome, Disciplina, Turno) VALUES ('M0144','Raimunda Martins  Santana', 'ACH2078', 'Noite');
INSERT INTO 3dawdb.Professores(ID, Nome, Disciplina, Turno) VALUES ('M0145','Rosane Rigotti  Cirillo', 'ACH2086', 'Noite');
INSERT INTO 3dawdb.Professores(ID, Nome, Disciplina, Turno) VALUES ('M0146','Bryan Borges  Oliveira', 'ACH2087', 'Noite');
INSERT INTO 3dawdb.Professores(ID, Nome, Disciplina, Turno) VALUES ('M0147','Ronnie Ramalho  Abreu', 'ACH2096', 'Noite');
INSERT INTO 3dawdb.Professores(ID, Nome, Disciplina, Turno) VALUES ('M0148','Erenice Arroyo  Cerqueira', 'ACH2098', 'Noite');
INSERT INTO 3dawdb.Professores(ID, Nome, Disciplina, Turno) VALUES ('M0149','Pietra Generoso  Melo', 'ACH2106', 'Noite');
INSERT INTO 3dawdb.Professores(ID, Nome, Disciplina, Turno) VALUES ('M0150','Jurema Carvalho  Curado', 'ACH2107', 'Noite');
INSERT INTO 3dawdb.Professores(ID, Nome, Disciplina, Turno) VALUES ('M0151','Natalício Amorim  Menezes', 'ACH2108', 'Noite');
INSERT INTO 3dawdb.Professores(ID, Nome, Disciplina, Turno) VALUES ('M0152','Mikaele Leitão  Reis', 'ACH2117', 'Noite');
INSERT INTO 3dawdb.Professores(ID, Nome, Disciplina, Turno) VALUES ('M0153','Talita Boaventura  Medeiros', 'ACH2118', 'Noite');
INSERT INTO 3dawdb.Professores(ID, Nome, Disciplina, Turno) VALUES ('M0154','Alfredo Lopes  Costa', 'ACH2127', 'Noite');
INSERT INTO 3dawdb.Professores(ID, Nome, Disciplina, Turno) VALUES ('M0155','Richard Barreto  Moreira', 'ACH2128', 'Noite');
INSERT INTO 3dawdb.Professores(ID, Nome, Disciplina, Turno) VALUES ('M0156','Gianna Nascimento  Braz', 'ACH2137', 'Noite');
INSERT INTO 3dawdb.Professores(ID, Nome, Disciplina, Turno) VALUES ('M0157','Raiane Donadelli  Boaventura', 'ACH2138', 'Noite');
INSERT INTO 3dawdb.Professores(ID, Nome, Disciplina, Turno) VALUES ('M0158','Millene Camponato  Murinelli', 'ACH2148', 'Noite');
INSERT INTO 3dawdb.Professores(ID, Nome, Disciplina, Turno) VALUES ('M0159','Laís Campiglio  Bulhões', 'ACH2157', 'Noite');
INSERT INTO 3dawdb.Professores(ID, Nome, Disciplina, Turno) VALUES ('M0160','Marlon Médici  Aquino', 'ACH2158', 'Noite');
INSERT INTO 3dawdb.Professores(ID, Nome, Disciplina, Turno) VALUES ('M0161','Dandara Bonfim  Correa', 'ACH2167', 'Noite');
INSERT INTO 3dawdb.Professores(ID, Nome, Disciplina, Turno) VALUES ('M0162','Talita Queiroz  Rangel', 'ACH2177', 'Noite');
INSERT INTO 3dawdb.Professores(ID, Nome, Disciplina, Turno) VALUES ('M0163','Jerônimo Branco  Santiago', 'ACH2187', 'Noite');
INSERT INTO 3dawdb.Professores(ID, Nome, Disciplina, Turno) VALUES ('M0164','Juscelino Duarte  Divino', 'ACH3778', 'Noite');
INSERT INTO 3dawdb.Professores(ID, Nome, Disciplina, Turno) VALUES ('M0165','Andressa Gonzalles  Cunha', 'MAC0216', 'Noite');
INSERT INTO 3dawdb.Professores(ID, Nome, Disciplina, Turno) VALUES ('M0166','Hortêncio Bonfim  Firmino', 'MAC0471', 'Noite');
INSERT INTO 3dawdb.Professores(ID, Nome, Disciplina, Turno) VALUES ('M0167','Isadora Campiglio  Fidelis', 'MAC0475', 'Noite');
INSERT INTO 3dawdb.Professores(ID, Nome, Disciplina, Turno) VALUES ('M0168','Ananias Cirillo  Ramalho', 'MAC0546', 'Noite');
INSERT INTO `turmas` (`TurmaID`, `Sala`, `Professor`, `HorarioInicio`, `HorarioFim`, `DiaSemana`) VALUES ('T706', '8', 'M0066', '08:51', '08:22', 'Terça-feira');
INSERT INTO `turmas` (`TurmaID`, `Sala`, `Professor`, `HorarioInicio`, `HorarioFim`, `DiaSemana`) VALUES ('T910', '9', 'M0039', '09:56', '09:20', 'Quarta-feira');
INSERT INTO `turmas` (`TurmaID`, `Sala`, `Professor`, `HorarioInicio`, `HorarioFim`, `DiaSemana`) VALUES ('T883', '3', 'M0060', '10:13', '07:16', 'Quarta-feira');
INSERT INTO `turmas` (`TurmaID`, `Sala`, `Professor`, `HorarioInicio`, `HorarioFim`, `DiaSemana`) VALUES ('T492', '10', 'M0073', '08:00', '10:59', 'Terça-feira');
INSERT INTO `turmas` (`TurmaID`, `Sala`, `Professor`, `HorarioInicio`, `HorarioFim`, `DiaSemana`) VALUES ('T335', '9', 'M0055', '10:25', '12:51', 'Sexta-feira');
INSERT INTO `turmas` (`TurmaID`, `Sala`, `Professor`, `HorarioInicio`, `HorarioFim`, `DiaSemana`) VALUES ('T313', '8', 'M0046', '07:00', '09:25', 'Quarta-feira');
INSERT INTO `turmas` (`TurmaID`, `Sala`, `Professor`, `HorarioInicio`, `HorarioFim`, `DiaSemana`) VALUES ('T560', '4', 'M0085', '09:43', '07:20', 'Domingo');
INSERT INTO `turmas` (`TurmaID`, `Sala`, `Professor`, `HorarioInicio`, `HorarioFim`, `DiaSemana`) VALUES ('T025', '9', 'M0008', '10:59', '10:35', 'Domingo');
INSERT INTO `turmas` (`TurmaID`, `Sala`, `Professor`, `HorarioInicio`, `HorarioFim`, `DiaSemana`) VALUES ('T655', '8', 'M0093', '11:21', '12:30', 'Segunda-feira');
INSERT INTO `turmas` (`TurmaID`, `Sala`, `Professor`, `HorarioInicio`, `HorarioFim`, `DiaSemana`) VALUES ('T567', '7', 'M0002', '10:15', '08:26', 'Segunda-feira');
INSERT INTO `turmas` (`TurmaID`, `Sala`, `Professor`, `HorarioInicio`, `HorarioFim`, `DiaSemana`) VALUES ('T194', '4', 'M0001', '08:55', '10:25', 'Domingo');
INSERT INTO `turmas` (`TurmaID`, `Sala`, `Professor`, `HorarioInicio`, `HorarioFim`, `DiaSemana`) VALUES ('T533', '7', 'M0034', '08:08', '10:45', 'Sexta-feira');
INSERT INTO `turmas` (`TurmaID`, `Sala`, `Professor`, `HorarioInicio`, `HorarioFim`, `DiaSemana`) VALUES ('T442', '7', 'M0075', '11:28', '09:14', 'Quinta-feira');
INSERT INTO `turmas` (`TurmaID`, `Sala`, `Professor`, `HorarioInicio`, `HorarioFim`, `DiaSemana`) VALUES ('T571', '3', 'M0079', '07:44', '10:43', 'Segunda-feira');
INSERT INTO `turmas` (`TurmaID`, `Sala`, `Professor`, `HorarioInicio`, `HorarioFim`, `DiaSemana`) VALUES ('T201', '3', 'M0077', '10:02', '12:53', 'Sábado');
INSERT INTO `turmas` (`TurmaID`, `Sala`, `Professor`, `HorarioInicio`, `HorarioFim`, `DiaSemana`) VALUES ('T102', '8', 'M0042', '11:55', '12:05', 'Sábado');
INSERT INTO `turmas` (`TurmaID`, `Sala`, `Professor`, `HorarioInicio`, `HorarioFim`, `DiaSemana`) VALUES ('T457', '5', 'M0053', '08:57', '08:12', 'Quarta-feira');
INSERT INTO `turmas` (`TurmaID`, `Sala`, `Professor`, `HorarioInicio`, `HorarioFim`, `DiaSemana`) VALUES ('T549', '1', 'M0018', '09:44', '08:21', 'Quarta-feira');
INSERT INTO `turmas` (`TurmaID`, `Sala`, `Professor`, `HorarioInicio`, `HorarioFim`, `DiaSemana`) VALUES ('T152', '7', 'M0097', '08:56', '08:08', 'Sexta-feira');
INSERT INTO `turmas` (`TurmaID`, `Sala`, `Professor`, `HorarioInicio`, `HorarioFim`, `DiaSemana`) VALUES ('T573', '10', 'M0086', '09:01', '09:20', 'Segunda-feira');
INSERT INTO `turmas` (`TurmaID`, `Sala`, `Professor`, `HorarioInicio`, `HorarioFim`, `DiaSemana`) VALUES ('T863', '10', 'M0028', '10:22', '08:00', 'Sábado');
INSERT INTO `turmas` (`TurmaID`, `Sala`, `Professor`, `HorarioInicio`, `HorarioFim`, `DiaSemana`) VALUES ('T016', '10', 'M0092', '08:38', '07:48', 'Domingo');
INSERT INTO `turmas` (`TurmaID`, `Sala`, `Professor`, `HorarioInicio`, `HorarioFim`, `DiaSemana`) VALUES ('T834', '2', 'M0063', '11:38', '09:47', 'Sábado');
INSERT INTO `turmas` (`TurmaID`, `Sala`, `Professor`, `HorarioInicio`, `HorarioFim`, `DiaSemana`) VALUES ('T247', '1', 'M0094', '08:48', '07:29', 'Terça-feira');
INSERT INTO `turmas` (`TurmaID`, `Sala`, `Professor`, `HorarioInicio`, `HorarioFim`, `DiaSemana`) VALUES ('T721', '9', 'M0044', '07:21', '10:46', 'Segunda-feira');
INSERT INTO `turmas` (`TurmaID`, `Sala`, `Professor`, `HorarioInicio`, `HorarioFim`, `DiaSemana`) VALUES ('T287', '8', 'M0013', '07:47', '11:06', 'Sexta-feira');
INSERT INTO `turmas` (`TurmaID`, `Sala`, `Professor`, `HorarioInicio`, `HorarioFim`, `DiaSemana`) VALUES ('T350', '9', 'M0015', '08:16', '10:49', 'Domingo');
INSERT INTO `turmas` (`TurmaID`, `Sala`, `Professor`, `HorarioInicio`, `HorarioFim`, `DiaSemana`) VALUES ('T684', '1', 'M0064', '10:27', '09:08', 'Domingo');
INSERT INTO `turmas` (`TurmaID`, `Sala`, `Professor`, `HorarioInicio`, `HorarioFim`, `DiaSemana`) VALUES ('T008', '7', 'M0014', '09:15', '10:34', 'Sábado');
INSERT INTO `turmas` (`TurmaID`, `Sala`, `Professor`, `HorarioInicio`, `HorarioFim`, `DiaSemana`) VALUES ('T685', '7', 'M0017', '08:11', '08:35', 'Terça-feira');
INSERT INTO `turmas` (`TurmaID`, `Sala`, `Professor`, `HorarioInicio`, `HorarioFim`, `DiaSemana`) VALUES ('T735', '6', 'M0010', '10:26', '08:38', 'Terça-feira');
INSERT INTO `turmas` (`TurmaID`, `Sala`, `Professor`, `HorarioInicio`, `HorarioFim`, `DiaSemana`) VALUES ('T281', '10', 'M0025', '10:41', '09:00', 'Quarta-feira');
INSERT INTO `turmas` (`TurmaID`, `Sala`, `Professor`, `HorarioInicio`, `HorarioFim`, `DiaSemana`) VALUES ('T127', '8', 'M0048', '07:47', '11:16', 'Sexta-feira');
INSERT INTO `turmas` (`TurmaID`, `Sala`, `Professor`, `HorarioInicio`, `HorarioFim`, `DiaSemana`) VALUES ('T055', '10', 'M0088', '12:39', '07:02', 'Quarta-feira');
INSERT INTO `turmas` (`TurmaID`, `Sala`, `Professor`, `HorarioInicio`, `HorarioFim`, `DiaSemana`) VALUES ('T810', '3', 'M0062', '10:31', '09:33', 'Sexta-feira');
INSERT INTO `turmas` (`TurmaID`, `Sala`, `Professor`, `HorarioInicio`, `HorarioFim`, `DiaSemana`) VALUES ('T114', '2', 'M0089', '10:10', '07:49', 'Quinta-feira');
INSERT INTO `turmas` (`TurmaID`, `Sala`, `Professor`, `HorarioInicio`, `HorarioFim`, `DiaSemana`) VALUES ('T472', '6', 'M0049', '09:32', '08:01', 'Sábado');
INSERT INTO `turmas` (`TurmaID`, `Sala`, `Professor`, `HorarioInicio`, `HorarioFim`, `DiaSemana`) VALUES ('T665', '7', 'M0076', '10:51', '10:23', 'Sexta-feira');
INSERT INTO `turmas` (`TurmaID`, `Sala`, `Professor`, `HorarioInicio`, `HorarioFim`, `DiaSemana`) VALUES ('T974', '5', 'M0029', '08:57', '07:15', 'Domingo');
INSERT INTO `turmas` (`TurmaID`, `Sala`, `Professor`, `HorarioInicio`, `HorarioFim`, `DiaSemana`) VALUES ('T336', '3', 'M0038', '12:42', '10:39', 'Terça-feira');
INSERT INTO `turmas` (`TurmaID`, `Sala`, `Professor`, `HorarioInicio`, `HorarioFim`, `DiaSemana`) VALUES ('T911', '2', 'M0081', '08:32', '11:21', 'Quarta-feira');
INSERT INTO `turmas` (`TurmaID`, `Sala`, `Professor`, `HorarioInicio`, `HorarioFim`, `DiaSemana`) VALUES ('T279', '7', 'M0091', '11:46', '11:29', 'Sábado');
INSERT INTO `turmas` (`TurmaID`, `Sala`, `Professor`, `HorarioInicio`, `HorarioFim`, `DiaSemana`) VALUES ('T254', '6', 'M0026', '12:03', '08:50', 'Quinta-feira');
INSERT INTO `turmas` (`TurmaID`, `Sala`, `Professor`, `HorarioInicio`, `HorarioFim`, `DiaSemana`) VALUES ('T779', '4', 'M0083', '11:00', '09:07', 'Sexta-feira');
INSERT INTO `turmas` (`TurmaID`, `Sala`, `Professor`, `HorarioInicio`, `HorarioFim`, `DiaSemana`) VALUES ('T357', '1', 'M0006', '10:56', '08:52', 'Sexta-feira');
INSERT INTO `turmas` (`TurmaID`, `Sala`, `Professor`, `HorarioInicio`, `HorarioFim`, `DiaSemana`) VALUES ('T606', '2', 'M0068', '10:38', '08:55', 'Quinta-feira');
INSERT INTO `turmas` (`TurmaID`, `Sala`, `Professor`, `HorarioInicio`, `HorarioFim`, `DiaSemana`) VALUES ('T157', '3', 'M0043', '07:46', '12:29', 'Domingo');
INSERT INTO `turmas` (`TurmaID`, `Sala`, `Professor`, `HorarioInicio`, `HorarioFim`, `DiaSemana`) VALUES ('T023', '4', 'M0084', '10:03', '08:29', 'Sábado');
INSERT INTO `turmas` (`TurmaID`, `Sala`, `Professor`, `HorarioInicio`, `HorarioFim`, `DiaSemana`) VALUES ('T285', '4', 'M0030', '10:51', '10:18', 'Segunda-feira');
INSERT INTO `turmas` (`TurmaID`, `Sala`, `Professor`, `HorarioInicio`, `HorarioFim`, `DiaSemana`) VALUES ('T602', '3', 'M0100', '09:52', '11:00', 'Segunda-feira');
INSERT INTO `turmas` (`TurmaID`, `Sala`, `Professor`, `HorarioInicio`, `HorarioFim`, `DiaSemana`) VALUES ('T169', '2', 'M0027', '12:44', '11:48', 'Sexta-feira');
INSERT INTO `turmas` (`TurmaID`, `Sala`, `Professor`, `HorarioInicio`, `HorarioFim`, `DiaSemana`) VALUES ('T420', '1', 'M0040', '09:57', '11:00', 'Quinta-feira');
INSERT INTO `turmas` (`TurmaID`, `Sala`, `Professor`, `HorarioInicio`, `HorarioFim`, `DiaSemana`) VALUES ('T609', '6', 'M0098', '09:17', '11:57', 'Sábado');
INSERT INTO `turmas` (`TurmaID`, `Sala`, `Professor`, `HorarioInicio`, `HorarioFim`, `DiaSemana`) VALUES ('T332', '7', 'M0041', '10:43', '07:56', 'Sexta-feira');
INSERT INTO `turmas` (`TurmaID`, `Sala`, `Professor`, `HorarioInicio`, `HorarioFim`, `DiaSemana`) VALUES ('T849', '3', 'M0078', '12:06', '09:37', 'Domingo');
INSERT INTO `turmas` (`TurmaID`, `Sala`, `Professor`, `HorarioInicio`, `HorarioFim`, `DiaSemana`) VALUES ('T604', '6', 'M0056', '08:05', '10:17', 'Sábado');
INSERT INTO `turmas` (`TurmaID`, `Sala`, `Professor`, `HorarioInicio`, `HorarioFim`, `DiaSemana`) VALUES ('T464', '8', 'M0051', '12:02', '08:09', 'Segunda-feira');
INSERT INTO `turmas` (`TurmaID`, `Sala`, `Professor`, `HorarioInicio`, `HorarioFim`, `DiaSemana`) VALUES ('T220', '5', 'M0067', '08:59', '07:51', 'Quarta-feira');
INSERT INTO `turmas` (`TurmaID`, `Sala`, `Professor`, `HorarioInicio`, `HorarioFim`, `DiaSemana`) VALUES ('T493', '1', 'M0019', '08:00', '10:27', 'Quinta-feira');
INSERT INTO `turmas` (`TurmaID`, `Sala`, `Professor`, `HorarioInicio`, `HorarioFim`, `DiaSemana`) VALUES ('T170', '1', 'M0033', '08:49', '09:43', 'Quinta-feira');
INSERT INTO `turmas` (`TurmaID`, `Sala`, `Professor`, `HorarioInicio`, `HorarioFim`, `DiaSemana`) VALUES ('T961', '7', 'M0009', '10:55', '08:45', 'Segunda-feira');
INSERT INTO `turmas` (`TurmaID`, `Sala`, `Professor`, `HorarioInicio`, `HorarioFim`, `DiaSemana`) VALUES ('T204', '10', 'M0082', '09:46', '08:27', 'Quinta-feira');
INSERT INTO `turmas` (`TurmaID`, `Sala`, `Professor`, `HorarioInicio`, `HorarioFim`, `DiaSemana`) VALUES ('T556', '9', 'M0005', '12:10', '07:13', 'Quinta-feira');
INSERT INTO `turmas` (`TurmaID`, `Sala`, `Professor`, `HorarioInicio`, `HorarioFim`, `DiaSemana`) VALUES ('T994', '1', 'M0003', '09:23', '12:37', 'Terça-feira');
INSERT INTO `turmas` (`TurmaID`, `Sala`, `Professor`, `HorarioInicio`, `HorarioFim`, `DiaSemana`) VALUES ('T497', '8', 'M0074', '11:08', '08:34', 'Quarta-feira');
INSERT INTO `turmas` (`TurmaID`, `Sala`, `Professor`, `HorarioInicio`, `HorarioFim`, `DiaSemana`) VALUES ('T586', '3', 'M0047', '07:46', '08:57', 'Quinta-feira');
INSERT INTO `turmas` (`TurmaID`, `Sala`, `Professor`, `HorarioInicio`, `HorarioFim`, `DiaSemana`) VALUES ('T121', '1', 'M0096', '11:55', '09:20', 'Quinta-feira');
INSERT INTO `turmas` (`TurmaID`, `Sala`, `Professor`, `HorarioInicio`, `HorarioFim`, `DiaSemana`) VALUES ('T798', '8', 'M0061', '09:55', '08:05', 'Quinta-feira');
INSERT INTO `turmas` (`TurmaID`, `Sala`, `Professor`, `HorarioInicio`, `HorarioFim`, `DiaSemana`) VALUES ('T988', '4', 'M0007', '08:14', '12:38', 'Sábado');
INSERT INTO `turmas` (`TurmaID`, `Sala`, `Professor`, `HorarioInicio`, `HorarioFim`, `DiaSemana`) VALUES ('T502', '1', 'M0065', '12:56', '11:41', 'Segunda-feira');
INSERT INTO `turmas` (`TurmaID`, `Sala`, `Professor`, `HorarioInicio`, `HorarioFim`, `DiaSemana`) VALUES ('T441', '1', 'M0059', '09:00', '11:50', 'Terça-feira');
INSERT INTO `turmas` (`TurmaID`, `Sala`, `Professor`, `HorarioInicio`, `HorarioFim`, `DiaSemana`) VALUES ('T244', '2', 'M0071', '11:37', '08:33', 'Domingo');
INSERT INTO `turmas` (`TurmaID`, `Sala`, `Professor`, `HorarioInicio`, `HorarioFim`, `DiaSemana`) VALUES ('T424', '7', 'M0021', '10:55', '11:35', 'Sábado');
INSERT INTO `turmas` (`TurmaID`, `Sala`, `Professor`, `HorarioInicio`, `HorarioFim`, `DiaSemana`) VALUES ('T521', '1', 'M0045', '12:60', '10:16', 'Terça-feira');
INSERT INTO `turmas` (`TurmaID`, `Sala`, `Professor`, `HorarioInicio`, `HorarioFim`, `DiaSemana`) VALUES ('T116', '4', 'M0035', '08:33', '10:48', 'Sábado');
INSERT INTO `turmas` (`TurmaID`, `Sala`, `Professor`, `HorarioInicio`, `HorarioFim`, `DiaSemana`) VALUES ('T454', '5', 'M0050', '11:21', '08:25', 'Domingo');
INSERT INTO `turmas` (`TurmaID`, `Sala`, `Professor`, `HorarioInicio`, `HorarioFim`, `DiaSemana`) VALUES ('T981', '1', 'M0012', '12:59', '09:48', 'Quinta-feira');
INSERT INTO `turmas` (`TurmaID`, `Sala`, `Professor`, `HorarioInicio`, `HorarioFim`, `DiaSemana`) VALUES ('T374', '7', 'M0052', '08:18', '12:23', 'Terça-feira');
INSERT INTO `turmas` (`TurmaID`, `Sala`, `Professor`, `HorarioInicio`, `HorarioFim`, `DiaSemana`) VALUES ('T033', '2', 'M0022', '11:13', '11:49', 'Domingo');
INSERT INTO `turmas` (`TurmaID`, `Sala`, `Professor`, `HorarioInicio`, `HorarioFim`, `DiaSemana`) VALUES ('T531', '8', 'M0037', '09:31', '09:21', 'Segunda-feira');
INSERT INTO `turmas` (`TurmaID`, `Sala`, `Professor`, `HorarioInicio`, `HorarioFim`, `DiaSemana`) VALUES ('T489', '6', 'M0058', '11:13', '12:01', 'Segunda-feira');
INSERT INTO `turmas` (`TurmaID`, `Sala`, `Professor`, `HorarioInicio`, `HorarioFim`, `DiaSemana`) VALUES ('T680', '9', 'M0032', '08:09', '08:57', 'Quarta-feira');
INSERT INTO `turmas` (`TurmaID`, `Sala`, `Professor`, `HorarioInicio`, `HorarioFim`, `DiaSemana`) VALUES ('T112', '8', 'M0036', '10:13', '11:01', 'Domingo');
INSERT INTO `turmas` (`TurmaID`, `Sala`, `Professor`, `HorarioInicio`, `HorarioFim`, `DiaSemana`) VALUES ('T917', '3', 'M0011', '09:42', '11:55', 'Quarta-feira');
INSERT INTO `turmas` (`TurmaID`, `Sala`, `Professor`, `HorarioInicio`, `HorarioFim`, `DiaSemana`) VALUES ('T230', '5', 'M0087', '10:13', '11:36', 'Terça-feira');
INSERT INTO `turmas` (`TurmaID`, `Sala`, `Professor`, `HorarioInicio`, `HorarioFim`, `DiaSemana`) VALUES ('T195', '6', 'M0054', '07:34', '07:16', 'Quinta-feira');
INSERT INTO `turmas` (`TurmaID`, `Sala`, `Professor`, `HorarioInicio`, `HorarioFim`, `DiaSemana`) VALUES ('T113', '7', 'M0016', '10:51', '10:00', 'Segunda-feira');
INSERT INTO `turmas` (`TurmaID`, `Sala`, `Professor`, `HorarioInicio`, `HorarioFim`, `DiaSemana`) VALUES ('T048', '9', 'M0057', '12:08', '09:03', 'Domingo');
INSERT INTO `turmas` (`TurmaID`, `Sala`, `Professor`, `HorarioInicio`, `HorarioFim`, `DiaSemana`) VALUES ('T211', '5', 'M0024', '08:01', '10:08', 'Terça-feira');
INSERT INTO `turmas` (`TurmaID`, `Sala`, `Professor`, `HorarioInicio`, `HorarioFim`, `DiaSemana`) VALUES ('T460', '5', 'M0070', '09:53', '07:31', 'Sábado');
INSERT INTO `turmas` (`TurmaID`, `Sala`, `Professor`, `HorarioInicio`, `HorarioFim`, `DiaSemana`) VALUES ('T218', '8', 'M0031', '09:23', '11:13', 'Terça-feira');
INSERT INTO `turmas` (`TurmaID`, `Sala`, `Professor`, `HorarioInicio`, `HorarioFim`, `DiaSemana`) VALUES ('T311', '5', 'M0069', '08:21', '11:00', 'Sexta-feira');
INSERT INTO `turmas` (`TurmaID`, `Sala`, `Professor`, `HorarioInicio`, `HorarioFim`, `DiaSemana`) VALUES ('T182', '3', 'M0090', '12:11', '10:33', 'Sexta-feira');
INSERT INTO `turmas` (`TurmaID`, `Sala`, `Professor`, `HorarioInicio`, `HorarioFim`, `DiaSemana`) VALUES ('T197', '3', 'M0095', '11:05', '09:16', 'Quarta-feira');
INSERT INTO `turmas` (`TurmaID`, `Sala`, `Professor`, `HorarioInicio`, `HorarioFim`, `DiaSemana`) VALUES ('T099', '10', 'M0023', '10:38', '11:14', 'Segunda-feira');
INSERT INTO `turmas` (`TurmaID`, `Sala`, `Professor`, `HorarioInicio`, `HorarioFim`, `DiaSemana`) VALUES ('T983', '5', 'M0004', '07:38', '08:11', 'Quarta-feira');
INSERT INTO `turmas` (`TurmaID`, `Sala`, `Professor`, `HorarioInicio`, `HorarioFim`, `DiaSemana`) VALUES ('T485', '4', 'M0020', '11:56', '08:10', 'Sexta-feira');
INSERT INTO `turmas` (`TurmaID`, `Sala`, `Professor`, `HorarioInicio`, `HorarioFim`, `DiaSemana`) VALUES ('T042', '10', 'M0099', '11:11', '10:22', 'Domingo');
INSERT INTO `turmas` (`TurmaID`, `Sala`, `Professor`, `HorarioInicio`, `HorarioFim`, `DiaSemana`) VALUES ('T462', '10', 'M0072', '12:00', '07:24', 'Segunda-feira');
INSERT INTO `turmas` (`TurmaID`, `Sala`, `Professor`, `HorarioInicio`, `HorarioFim`, `DiaSemana`) VALUES ('T130', '5', 'M0080', '11:24', '10:20', 'Terça-feira');
INSERT INTO  `matriculas_cursadas` (`Matricula`, `Periodo`, `Ano`, `Disciplina`, `Situacao`) VALUES ('A0001' , '1', '2018' , 'ACH0021' , 'Aprovado');
INSERT INTO  `matriculas_cursadas` (`Matricula`, `Periodo`, `Ano`, `Disciplina`, `Situacao`) VALUES ('A0001' , '1', '2018' , 'ACH0141' , 'Aprovado');
INSERT INTO  `matriculas_cursadas` (`Matricula`, `Periodo`, `Ano`, `Disciplina`, `Situacao`) VALUES ('A0001' , '1', '2018' , 'ACH0151' , 'Aprovado');
INSERT INTO  `matriculas_cursadas` (`Matricula`, `Periodo`, `Ano`, `Disciplina`, `Situacao`) VALUES ('A0001' , '1', '2018' , 'ACH0161' , 'Aprovado');
INSERT INTO  `matriculas_cursadas` (`Matricula`, `Periodo`, `Ano`, `Disciplina`, `Situacao`) VALUES ('A0001' , '1', '2018' , 'ACH0041' , 'Aprovado');
INSERT INTO  `matriculas_cursadas` (`Matricula`, `Periodo`, `Ano`, `Disciplina`, `Situacao`) VALUES ('A0001' , '1', '2018' , 'ACH2001 ' , 'Aprovado');
INSERT INTO  `matriculas_cursadas` (`Matricula`, `Periodo`, `Ano`, `Disciplina`, `Situacao`) VALUES ('A0001' , '1', '2018' , 'ACH2011' , 'Aprovado');
INSERT INTO  `matriculas_cursadas` (`Matricula`, `Periodo`, `Ano`, `Disciplina`, `Situacao`) VALUES ('A0001' , '1', '2018' , 'ACH2014' , 'Aprovado');
INSERT INTO  `matriculas_cursadas` (`Matricula`, `Periodo`, `Ano`, `Disciplina`, `Situacao`) VALUES ('A0001' , '2', '2019' , 'ACH2002' , 'Aprovado');
INSERT INTO  `matriculas_cursadas` (`Matricula`, `Periodo`, `Ano`, `Disciplina`, `Situacao`) VALUES ('A0001' , '2', '2019' , 'ACH2012' , 'Reprovado');
INSERT INTO  `matriculas_cursadas` (`Matricula`, `Periodo`, `Ano`, `Disciplina`, `Situacao`) VALUES ('A0001' , '2', '2019' , 'ACH2013' , 'Aprovado');
INSERT INTO  `matriculas_cursadas` (`Matricula`, `Periodo`, `Ano`, `Disciplina`, `Situacao`) VALUES ('A0001' , '2', '2019' , 'ACH2023' , 'Aprovado');
INSERT INTO  `matriculas_cursadas` (`Matricula`, `Periodo`, `Ano`, `Disciplina`, `Situacao`) VALUES ('A0001' , '2', '2019' , 'ACH2033' , 'Aprovado');
INSERT INTO  `matriculas_cursadas` (`Matricula`, `Periodo`, `Ano`, `Disciplina`, `Situacao`) VALUES ('A0002' , '1', '2018' , 'ACH0021' , 'Aprovado');
INSERT INTO  `matriculas_cursadas` (`Matricula`, `Periodo`, `Ano`, `Disciplina`, `Situacao`) VALUES ('A0002' , '1', '2018' , 'ACH0141' , 'Aprovado');
INSERT INTO  `matriculas_cursadas` (`Matricula`, `Periodo`, `Ano`, `Disciplina`, `Situacao`) VALUES ('A0002' , '1', '2018' , 'ACH0151' , 'Aprovado');
INSERT INTO  `matriculas_cursadas` (`Matricula`, `Periodo`, `Ano`, `Disciplina`, `Situacao`) VALUES ('A0002' , '1', '2018' , 'ACH0161' , 'Aprovado');
INSERT INTO  `matriculas_cursadas` (`Matricula`, `Periodo`, `Ano`, `Disciplina`, `Situacao`) VALUES ('A0002' , '1', '2018' , 'ACH0041' , 'Aprovado');
INSERT INTO  `matriculas_cursadas` (`Matricula`, `Periodo`, `Ano`, `Disciplina`, `Situacao`) VALUES ('A0002' , '1', '2018' , 'ACH2001 ' , 'Aprovado');
INSERT INTO  `matriculas_cursadas` (`Matricula`, `Periodo`, `Ano`, `Disciplina`, `Situacao`) VALUES ('A0002' , '1', '2018' , 'ACH2011' , 'Aprovado');
INSERT INTO  `matriculas_cursadas` (`Matricula`, `Periodo`, `Ano`, `Disciplina`, `Situacao`) VALUES ('A0002' , '1', '2018' , 'ACH2014' , 'Aprovado');
INSERT INTO  `matriculas_cursadas` (`Matricula`, `Periodo`, `Ano`, `Disciplina`, `Situacao`) VALUES ('A0002' , '2', '2019' , 'ACH2002' , 'Aprovado');
INSERT INTO  `matriculas_cursadas` (`Matricula`, `Periodo`, `Ano`, `Disciplina`, `Situacao`) VALUES ('A0002' , '2', '2019' , 'ACH2012' , 'Aprovado');
INSERT INTO  `matriculas_cursadas` (`Matricula`, `Periodo`, `Ano`, `Disciplina`, `Situacao`) VALUES ('A0002' , '2', '2019' , 'ACH2013' , 'Reprovado');
INSERT INTO  `matriculas_cursadas` (`Matricula`, `Periodo`, `Ano`, `Disciplina`, `Situacao`) VALUES ('A0002' , '2', '2019' , 'ACH2023' , 'Reprovado');
INSERT INTO  `matriculas_cursadas` (`Matricula`, `Periodo`, `Ano`, `Disciplina`, `Situacao`) VALUES ('A0002' , '2', '2019' , 'ACH2033' , 'Aprovado');
